Cohort,fromwhere,key,Gene,all_time_points,prepreVAF,preVAF,duringVAF,postVAF,postpostVAF,prepreVAF_ignore_noise,preVAF_ignore_noise,duringVAF_ignore_noise,postVAF_ignore_noise,postpostVAF_ignore_noise,rescued,missing,called,at_limit,preAge,postAge,preCollect,postCollect,in_cohort,detection_group,detection_group_ignore_noise,rescue_class,change_in_days,change_in_years,change_in_months,growth_rate,change_in_VAF,change_in_VAF_years,change_in_VAF_months
No Treatment,Carlos,chr2 25235726 A>G,DNMT3A,TRUE,,0.2839,,0.3017,,,0.2839,,0.3017,,FALSE,FALSE,FALSE,FALSE,82.6,84.5,,,TRUE,Pre-Post,Pre-Post,Exist,693.500000000002,1.90000000000001,22.8000000000001,8.76872136785723e-05,0.0178,0.00936842105263157,0.000780701754385964
No Treatment,Carlos,chr4 105259666 C>T,TET2,FALSE,,0.0063,,2.56792152431822e-05,,,0.0063,,2.56792152431822e-05,,FALSE,FALSE,FALSE,TRUE,82.6,84.5,,,TRUE,Pre Only,Pre-Post,At Limit,693.500000000002,1.90000000000001,22.8000000000001,-0.00793456812269776,-0.00627432078475682,-0.00330227409724042,-0.000275189508103368
No Treatment,Carlos,chr17 7674247 T>C,TP53,TRUE,,0.005,,0.0037,,,0.005,,0.0037,,FALSE,FALSE,FALSE,FALSE,82.6,84.5,,,TRUE,Pre-Post,Pre-Post,Exist,693.500000000002,1.90000000000001,22.8000000000001,-0.00043418182088525,-0.0013,-0.000684210526315787,-5.7017543859649e-05
No Treatment,Carlos,chr17 76736877 G>T,SRSF2,FALSE,,0.005,,2.13857998289136e-05,,,0.005,,2.13857998289136e-05,,FALSE,FALSE,FALSE,TRUE,82.6,84.5,,,TRUE,Pre Only,Pre-Post,At Limit,693.500000000002,1.90000000000001,22.8000000000001,-0.00786512768426525,-0.00497861420017109,-0.00262032326324793,-0.000218360271937328
No Treatment,Carlos,chr4 105237262 CA>C,TET2,TRUE,,0.0316,,0.0269,,,0.0316,,0.0269,,FALSE,FALSE,FALSE,FALSE,78.5,79,,,TRUE,Pre-Post,Pre-Post,Exist,182.5,0.5,6,-0.000882360734164784,-0.0047,-0.00940000000000001,-0.000783333333333334
No Treatment,Carlos,chr22 28687961 CG>C,CHEK2,TRUE,,0.0064,,0.0067,,,0.0064,,0.0067,,FALSE,FALSE,FALSE,FALSE,78.5,79,,,TRUE,Pre-Post,Pre-Post,Exist,182.5,0.5,6,0.000251011156335859,3e-04,6e-04,5e-05
No Treatment,Carlos,chr2 25244163 G>A,DNMT3A,TRUE,,0.002,,0.0018,,,0.002,,0.0018,,FALSE,FALSE,FALSE,FALSE,78.5,79,,,TRUE,Pre-Post,Pre-Post,Exist,182.5,0.5,6,-0.000577317894015487,-2e-04,-4e-04,-3.33333333333334e-05
No Treatment,Carlos,chr17 76736877 G>T,SRSF2,TRUE,,0.3765,,0.3492,,,0.3765,,0.3492,,FALSE,FALSE,FALSE,FALSE,68.4,69.1,,,TRUE,Pre-Post,Pre-Post,Exist,255.499999999996,0.699999999999989,8.39999999999986,-0.000294611441387485,-0.0273,-0.0390000000000006,-0.00325000000000005
No Treatment,Carlos,chr4 105259666 C>T,TET2,TRUE,,0.3752,,0.352,,,0.3752,,0.352,,FALSE,FALSE,FALSE,FALSE,68.4,69.1,,,TRUE,Pre-Post,Pre-Post,Exist,255.499999999996,0.699999999999989,8.39999999999986,-0.000249816209526315,-0.0232,-0.0331428571428577,-0.00276190476190481
No Treatment,Carlos,chr20 32434954 C>T,ASXL1,TRUE,,0.0018,,0.0025,,,0.0018,,0.0025,,FALSE,FALSE,FALSE,FALSE,68.4,69.1,,,TRUE,Pre-Post,Pre-Post,Exist,255.499999999996,0.699999999999989,8.39999999999986,0.00128573020341308,7e-04,0.00100000000000002,8.33333333333347e-05
No Treatment,Carlos,chr4 105269662 G>A,TET2,TRUE,,0.04,,0.0352,,,0.04,,0.0352,,FALSE,FALSE,FALSE,FALSE,78.7,81.1,,,TRUE,Pre-Post,Pre-Post,Exist,875.999999999997,2.39999999999999,28.7999999999999,-0.000145928506289823,-0.0048,-0.00200000000000001,-0.000166666666666667
No Treatment,Carlos,chr4 105237080 T>TA,TET2,TRUE,,0.0125,,0.0133,,,0.0125,,0.0133,,FALSE,FALSE,FALSE,FALSE,78.7,81.1,,,TRUE,Pre-Post,Pre-Post,Exist,875.999999999997,2.39999999999999,28.7999999999999,7.08166563007451e-05,0.000799999999999999,0.000333333333333334,2.77777777777778e-05
No Treatment,Carlos,chr2 25244567 A>C,DNMT3A,TRUE,,0.0058,,0.0056,,,0.0058,,0.0056,,FALSE,FALSE,FALSE,FALSE,78.7,81.1,,,TRUE,Pre-Post,Pre-Post,Exist,875.999999999997,2.39999999999999,28.7999999999999,-4.00585842594409e-05,-2e-04,-8.33333333333335e-05,-6.94444444444446e-06
No Treatment,Carlos,chr2 25247692 AG>A,DNMT3A,TRUE,,0.0043,,0.0064,,,0.0043,,0.0064,,FALSE,FALSE,FALSE,FALSE,78.7,81.1,,,TRUE,Pre-Post,Pre-Post,Exist,875.999999999997,2.39999999999999,28.7999999999999,0.000453975990486428,0.0021,0.000875000000000003,7.29166666666669e-05
No Treatment,Carlos,chr2 25248080 TC>T,DNMT3A,TRUE,,0.0024,,0.003908,,,0.0024,,0.003908,,FALSE,FALSE,FALSE,FALSE,78.7,81.1,,,TRUE,Pre-Post,Pre-Post,Exist,875.999999999997,2.39999999999999,28.7999999999999,0.00055657191418566,0.001508,0.000628333333333336,5.23611111111113e-05
No Treatment,Carlos,chr2 25241676 C>CA,DNMT3A,TRUE,,0.0238,,0.0213,,,0.0238,,0.0213,,FALSE,FALSE,FALSE,FALSE,65.3,67.2,,,TRUE,Pre-Post,Pre-Post,Exist,693.500000000002,1.90000000000001,22.8000000000001,-0.000160026687760706,-0.0025,-0.00131578947368421,-0.000109649122807017
No Treatment,Carlos,chr4 105236310 C>T,TET2,TRUE,,0.009,,0.0406,,,0.009,,0.0406,,FALSE,FALSE,FALSE,FALSE,65.3,67.2,,,TRUE,Pre-Post,Pre-Post,Exist,693.500000000002,1.90000000000001,22.8000000000001,0.0021723770573489,0.0316,0.0166315789473684,0.0013859649122807
No Treatment,Carlos,chr4 105261790 T>C,TET2,TRUE,,0.0038,,0.0088,,,0.0038,,0.0088,,FALSE,FALSE,FALSE,FALSE,65.3,67.2,,,TRUE,Pre-Post,Pre-Post,Exist,693.500000000002,1.90000000000001,22.8000000000001,0.00121088775018287,0.005,0.00263157894736841,0.000219298245614034
No Treatment,Carlos,chr4 105236885 TA>T,TET2,TRUE,,7e-04,,0.0062,,,7e-04,,0.0062,,FALSE,FALSE,FALSE,FALSE,65.3,67.2,,,TRUE,Pre-Post,Pre-Post,Exist,693.500000000002,1.90000000000001,22.8000000000001,0.00314524042680573,0.0055,0.00289473684210525,0.000241228070175438
No Treatment,Carlos,chr4 105236868 C>T,TET2,TRUE,,0.0032,,0.0029,,,0.0032,,0.0029,,FALSE,FALSE,FALSE,FALSE,71.7,72.5,,,TRUE,Pre-Post,Pre-Post,Exist,291.999999999999,0.799999999999997,9.59999999999997,-0.000337123537031688,-3e-04,-0.000375000000000002,-3.12500000000002e-05
No Treatment,Carlos,chr2 25240420 T>C,DNMT3A,TRUE,,0.0023,,0.0025,,,0.0023,,0.0025,,FALSE,FALSE,FALSE,FALSE,71.7,72.5,,,TRUE,Pre-Post,Pre-Post,Exist,291.999999999999,0.799999999999997,9.59999999999997,0.000285553455270724,2e-04,0.000250000000000001,2.08333333333334e-05
No Treatment,Carlos,chr2 25247682 C>T,DNMT3A,TRUE,,0.0015,,0.0033,,,0.0015,,0.0033,,FALSE,FALSE,FALSE,FALSE,71.7,72.5,,,TRUE,Pre-Post,Pre-Post,Exist,291.999999999999,0.799999999999997,9.59999999999997,0.00270019643960367,0.0018,0.00225000000000001,0.000187500000000001
No Treatment,Carlos,chr2 25245264 G>A,DNMT3A,TRUE,,0.0176,,0.02,,,0.0176,,0.02,,FALSE,FALSE,FALSE,FALSE,73.1,74,,,TRUE,Pre-Post,Pre-Post,Exist,328.500000000002,0.900000000000006,10.8000000000001,0.000389142683439525,0.0024,0.00266666666666665,0.000222222222222221
No Treatment,Carlos,chr2 25234373 C>T,DNMT3A,TRUE,,0.0034,,0.0029,,,0.0034,,0.0029,,FALSE,FALSE,FALSE,FALSE,73.1,74,,,TRUE,Pre-Post,Pre-Post,Exist,328.500000000002,0.900000000000006,10.8000000000001,-0.000484215204352166,-5e-04,-0.000555555555555552,-4.6296296296296e-05
No Treatment,Carlos,chr17 7673820 C>T,TP53,TRUE,,0.0027,,0.003,,,0.0027,,0.003,,FALSE,FALSE,FALSE,FALSE,73.1,74,,,TRUE,Pre-Post,Pre-Post,Exist,328.500000000002,0.900000000000006,10.8000000000001,0.000320732163341935,3e-04,0.000333333333333331,2.77777777777776e-05
No Treatment,Carlos,chr2 25240678 TCATTG>T,DNMT3A,TRUE,,0.0022,,0.0029,,,0.0022,,0.0029,,FALSE,FALSE,FALSE,FALSE,73.1,74,,,TRUE,Pre-Post,Pre-Post,Exist,328.500000000002,0.900000000000006,10.8000000000001,0.000840953962338376,7e-04,0.000777777777777773,6.48148148148144e-05
No Treatment,Carlos,chr2 25247685 G>T,DNMT3A,TRUE,,0.0018,,0.004,,,0.0018,,0.004,,FALSE,FALSE,FALSE,FALSE,73.1,74,,,TRUE,Pre-Post,Pre-Post,Exist,328.500000000002,0.900000000000006,10.8000000000001,0.00243076924267204,0.0022,0.00244444444444443,0.000203703703703702
No Treatment,Carlos,chr17 7674242 A>C,TP53,TRUE,,0.054622,,0.046857,,,0.054622,,0.046857,,FALSE,FALSE,FALSE,FALSE,87.9,88.8,,,TRUE,Pre-Post,Pre-Post,Exist,328.499999999997,0.899999999999992,10.7999999999999,-0.000466777234263136,-0.00776499999999999,-0.00862777777777785,-0.000718981481481488
No Treatment,Carlos,chr17 7674241 G>A,TP53,TRUE,,0.054621,,0.046664,,,0.054621,,0.046664,,FALSE,FALSE,FALSE,FALSE,87.9,88.8,,,TRUE,Pre-Post,Pre-Post,Exist,328.499999999997,0.899999999999992,10.7999999999999,-0.000479285950498029,-0.00795700000000001,-0.0088411111111112,-0.000736759259259267
No Treatment,Carlos,chr17 7674243 A>T,TP53,TRUE,,0.05443,,0.047071,,,0.05443,,0.047071,,FALSE,FALSE,FALSE,FALSE,87.9,88.8,,,TRUE,Pre-Post,Pre-Post,Exist,328.499999999997,0.899999999999992,10.7999999999999,-0.000442186825888605,-0.007359,-0.00817666666666674,-0.000681388888888895
No Treatment,Carlos,chr22 28725012 T>C,CHEK2,TRUE,,0.007,,0.0083,,,0.007,,0.0083,,FALSE,FALSE,FALSE,FALSE,87.9,88.8,,,TRUE,Pre-Post,Pre-Post,Exist,328.499999999997,0.899999999999992,10.7999999999999,0.000518555146871356,0.0013,0.00144444444444446,0.000120370370370372
No Treatment,Carlos,chr4 105236499 CT>C,TET2,TRUE,,0.2678,,0.2196,,,0.2678,,0.2196,,FALSE,FALSE,FALSE,FALSE,76.9,79.2,,,TRUE,Pre-Post,Pre-Post,Exist,839.499999999999,2.3,27.6,-0.000236370129388561,-0.0482,-0.0209565217391305,-0.00174637681159421
No Treatment,Carlos,chr2 25236968 G>A,DNMT3A,TRUE,,0.0032,,0.0025,,,0.0032,,0.0025,,FALSE,FALSE,FALSE,FALSE,76.9,79.2,,,TRUE,Pre-Post,Pre-Post,Exist,839.499999999999,2.3,27.6,-0.00029405607853666,-7e-04,-0.000304347826086957,-2.53623188405797e-05
No Treatment,Carlos,chr17 7674947 A>G,TP53,FALSE,,7e-04,,0.0233,,,7e-04,,0.0233,,FALSE,FALSE,TRUE,FALSE,51.3,54.8,,,TRUE,Pre-Post,Pre-Post,Called,1277.5,3.5,42,0.00274374035578113,0.0226,0.00645714285714286,0.000538095238095238
No Treatment,Carlos,chr2 25234373 C>T,DNMT3A,TRUE,,0.002,,0.0017,,,0.002,,0.0017,,FALSE,FALSE,FALSE,FALSE,61.6,62,,,TRUE,Pre-Post,Pre-Post,Exist,145.999999999999,0.399999999999999,4.79999999999998,-0.00111314335272449,-3e-04,-0.000750000000000003,-6.25000000000003e-05
No Treatment,Carlos,chr2 25244577 G>A,DNMT3A,FALSE,,0.0032,,2.29916770129213e-05,,,0.0032,,2.29916770129213e-05,,FALSE,FALSE,FALSE,TRUE,57.3,59.4,,,TRUE,Pre Only,Pre-Post,At Limit,766.500000000001,2.1,25.2,-0.00643936569778535,-0.00317700832298708,-0.00151286110618432,-0.000126071758848694
No Treatment,Carlos,chr2 25247663 C>T,DNMT3A,FALSE,,2e-04,,0.0032,,,2e-04,,0.0032,,FALSE,FALSE,TRUE,FALSE,57.3,59.4,,,TRUE,Pre-Post,Pre-Post,Called,766.500000000001,2.1,25.2,0.00361720642170878,0.003,0.00142857142857143,0.000119047619047619
No Treatment,Carlos,chr2 25247070 G>A,DNMT3A,FALSE,,2e-04,,0.0033,,,2e-04,,0.0033,,FALSE,FALSE,TRUE,FALSE,57.3,59.4,,,TRUE,Pre-Post,Pre-Post,Called,766.500000000001,2.1,25.2,0.00365735209511616,0.0031,0.00147619047619048,0.000123015873015873
No Treatment,Carlos,chr20 32435388 TA>T,ASXL1,TRUE,,0.0053,,0.0038,,,0.0053,,0.0038,,FALSE,FALSE,FALSE,FALSE,67.9,69.9,,,TRUE,Pre-Post,Pre-Post,Exist,730,2,24,-0.000455761306610597,-0.0015,-0.00075,-6.25e-05
No Treatment,Carlos,chr4 105269610 A>ATTGAATATGAACACAGAGCACTC,TET2,TRUE,,0.0055,,0.0048,,,0.0055,,0.0048,,FALSE,FALSE,FALSE,FALSE,67.9,69.9,,,TRUE,Pre-Post,Pre-Post,Exist,730,2,24,-0.000186482430581617,-7e-04,-0.00035,-2.91666666666667e-05
No Treatment,Carlos,chr17 60663185 T>G,PPM1D,TRUE,,0.0047,,0.0046,,,0.0047,,0.0046,,FALSE,FALSE,FALSE,FALSE,67.9,69.9,,,TRUE,Pre-Post,Pre-Post,Exist,730,2,24,-2.94605550972104e-05,-1e-04,-5.00000000000001e-05,-4.16666666666668e-06
No Treatment,Carlos,chr22 28695809 G>A,CHEK2,TRUE,,0.0037,,0.0027,,,0.0037,,0.0027,,FALSE,FALSE,FALSE,FALSE,67.9,69.9,,,TRUE,Pre-Post,Pre-Post,Exist,730,2,24,-0.000431617872109446,-0.001,-5e-04,-4.16666666666667e-05
No Treatment,Carlos,chr2 25243931 G>A,DNMT3A,TRUE,,0.007,,0.0052,,,0.007,,0.0052,,FALSE,FALSE,FALSE,FALSE,75.6,77.1,,,TRUE,Pre-Post,Pre-Post,Exist,547.5,1.5,18,-0.000542925157019054,-0.0018,-0.0012,-1e-04
No Treatment,Carlos,chr17 60663106 C>T,PPM1D,TRUE,,0.0038,,0.004,,,0.0038,,0.004,,FALSE,FALSE,FALSE,FALSE,75.6,77.1,,,TRUE,Pre-Post,Pre-Post,Exist,547.5,1.5,18,9.36863824430146e-05,2e-04,0.000133333333333333,1.11111111111111e-05
No Treatment,Carlos,chr2 25246160 C>G,DNMT3A,TRUE,,0.0046,,0.0055,,,0.0046,,0.0055,,FALSE,FALSE,FALSE,FALSE,57.8,58.7,,,TRUE,Pre-Post,Pre-Post,Exist,328.500000000002,0.900000000000006,10.8000000000001,0.000543962827224885,9e-04,0.000999999999999993,8.33333333333328e-05
No Treatment,Carlos,chr2 25241668 C>T,DNMT3A,TRUE,,0.0034,,0.0033,,,0.0034,,0.0033,,FALSE,FALSE,FALSE,FALSE,57.8,58.7,,,TRUE,Pre-Post,Pre-Post,Exist,328.500000000002,0.900000000000006,10.8000000000001,-9.08766001512358e-05,-9.99999999999998e-05,-0.00011111111111111,-9.25925925925919e-06
No Treatment,Carlos,chr2 25243931 G>A,DNMT3A,TRUE,,0.0029,,0.002,,,0.0029,,0.002,,FALSE,FALSE,FALSE,FALSE,57.8,58.7,,,TRUE,Pre-Post,Pre-Post,Exist,328.500000000002,0.900000000000006,10.8000000000001,-0.00113109149598929,-9e-04,-0.000999999999999993,-8.33333333333328e-05
No Treatment,Carlos,chr2 25244567 A>T,DNMT3A,TRUE,,0.0015,,0.0028,,,0.0015,,0.0028,,FALSE,FALSE,FALSE,FALSE,57.8,58.7,,,TRUE,Pre-Post,Pre-Post,Exist,328.500000000002,0.900000000000006,10.8000000000001,0.00190001311742158,0.0013,0.00144444444444444,0.00012037037037037
No Treatment,Carlos,chr2 25241668 C>T,DNMT3A,TRUE,,0.0021,,0.0017,,,0.0021,,0.0017,,FALSE,FALSE,FALSE,FALSE,55.8,58.4,,,TRUE,Pre-Post,Pre-Post,Exist,949.000000000001,2.6,31.2,-0.000222665009132989,-4e-04,-0.000153846153846154,-1.28205128205128e-05
No Treatment,Carlos,chr2 25235726 A>G,DNMT3A,TRUE,,0.0068,,0.005404,,,0.0068,,0.005404,,FALSE,FALSE,FALSE,FALSE,68.1,70,,,TRUE,Pre-Post,Pre-Post,Exist,693.500000000002,1.90000000000001,22.8000000000001,-0.000331338416848029,-0.001396,-0.000734736842105261,-6.12280701754384e-05
No Treatment,Carlos,chr22 28734431 C>T,CHEK2,TRUE,,0.0034,,0.0029,,,0.0034,,0.0029,,FALSE,FALSE,FALSE,FALSE,68.1,70,,,TRUE,Pre-Post,Pre-Post,Exist,693.500000000002,1.90000000000001,22.8000000000001,-0.000229365096798395,-5e-04,-0.000263157894736841,-2.19298245614034e-05
No Treatment,Carlos,chr17 7674230 C>T,TP53,TRUE,,0.0021,,0.0023,,,0.0021,,0.0023,,FALSE,FALSE,FALSE,FALSE,68.1,70,,,TRUE,Pre-Post,Pre-Post,Exist,693.500000000002,1.90000000000001,22.8000000000001,0.000131177762373074,2e-04,0.000105263157894737,8.77192982456138e-06
No Treatment,Carlos,chr2 25244257 G>T,DNMT3A,TRUE,,0.004,,0.003,,,0.004,,0.003,,FALSE,FALSE,FALSE,FALSE,59.8,60.05,,,TRUE,Pre-Post,Pre-Post,Exist,90,0.246575342465753,2.95890410958904,-0.00319646747168645,-0.001,-0.00405555555555556,-0.000337962962962963
No Treatment,Carlos,chr4 105236688 C>T,TET2,TRUE,,0.0032,,0.0022,,,0.0032,,0.0022,,FALSE,FALSE,FALSE,FALSE,59.8,60.05,,,TRUE,Pre-Post,Pre-Post,Exist,90,0.246575342465753,2.95890410958904,-0.00416326054934901,-0.001,-0.00405555555555556,-0.000337962962962963
No Treatment,Carlos,chr2 25239132 GT>AG,DNMT3A,TRUE,,0.0036,,0.0037,,,0.0036,,0.0037,,FALSE,FALSE,FALSE,FALSE,57.3,57.4,,,TRUE,Pre-Post,Pre-Post,Exist,36.5000000000005,0.100000000000001,1.20000000000002,0.000750656827071621,1e-04,0.000999999999999988,8.33333333333324e-05
No Treatment,Carlos,chr2 25247057 G>GA,DNMT3A,TRUE,,0.0025,,9e-04,,,0.0025,,9e-04,,FALSE,FALSE,FALSE,FALSE,57.3,57.4,,,TRUE,Pre-Post,Pre-Post,Exist,36.5000000000005,0.100000000000001,1.20000000000002,-0.0279904451378621,-0.0016,-0.0159999999999998,-0.00133333333333331
No Treatment,Carlos,chr4 105236415 TC>T,TET2,TRUE,,0.0046,,0.0057,,,0.0046,,0.0057,,FALSE,FALSE,FALSE,FALSE,76,76.8,,,TRUE,Pre-Post,Pre-Post,Exist,291.999999999999,0.799999999999997,9.59999999999997,0.000734280381320055,0.0011,0.00137500000000001,0.000114583333333334
No Treatment,Carlos,chr4 105243601 T>C,TET2,FALSE,,0.0024,,9e-04,,,0.0024,,9e-04,,FALSE,FALSE,TRUE,FALSE,76,76.8,,,TRUE,Pre-Post,Pre-Post,Called,291.999999999999,0.799999999999997,9.59999999999997,-0.00335900429113606,-0.0015,-0.00187500000000001,-0.000156250000000001
No Treatment,Carlos,chr20 32433492 C>T,ASXL1,TRUE,,0.0015,,0.0025,,,0.0015,,0.0025,,FALSE,FALSE,FALSE,FALSE,76,76.8,,,TRUE,Pre-Post,Pre-Post,Exist,291.999999999999,0.799999999999997,9.59999999999997,0.00174940282111641,0.001,0.00125,0.000104166666666667
No Treatment,Carlos,chr2 25235750 T>C,DNMT3A,TRUE,,0.0036,,0.0035,,,0.0036,,0.0035,,FALSE,FALSE,FALSE,FALSE,63.1,63.3,,,TRUE,Pre-Post,Pre-Post,Exist,72.9999999999984,0.199999999999996,2.39999999999995,-0.000385902424201326,-9.99999999999998e-05,-0.00050000000000001,-4.16666666666675e-05
No Treatment,Carlos,chr2 25240708 T>C,DNMT3A,TRUE,,0.0034,,0.0027,,,0.0034,,0.0027,,FALSE,FALSE,FALSE,FALSE,63.1,63.3,,,TRUE,Pre-Post,Pre-Post,Exist,72.9999999999984,0.199999999999996,2.39999999999995,-0.00315785833714845,-7e-04,-0.00350000000000007,-0.000291666666666673
No Treatment,Carlos,chr22 28696905 A>AT,CHEK2,TRUE,,0.0025,,0.0025,,,0.0025,,0.0025,,FALSE,FALSE,FALSE,FALSE,63.1,63.3,,,TRUE,Pre-Post,Pre-Post,Exist,72.9999999999984,0.199999999999996,2.39999999999995,0,0,0,0
No Treatment,Carlos,chr4 105275068 CCAGT>C,TET2,TRUE,,0.0023,,0.0019,,,0.0023,,0.0019,,FALSE,FALSE,FALSE,FALSE,63.1,63.3,,,TRUE,Pre-Post,Pre-Post,Exist,72.9999999999984,0.199999999999996,2.39999999999995,-0.00261719502414676,-4e-04,-0.00200000000000004,-0.00016666666666667
No Treatment,Carlos,chr2 25240715 G>A,DNMT3A,TRUE,,0.002,,0.0012,,,0.002,,0.0012,,FALSE,FALSE,FALSE,FALSE,63.1,63.3,,,TRUE,Pre-Post,Pre-Post,Exist,72.9999999999984,0.199999999999996,2.39999999999995,-0.00699761128446578,-8e-04,-0.00400000000000009,-0.000333333333333341
No Treatment,Carlos,chr2 25247629 G>A,DNMT3A,FALSE,,0.00178070364774444,,0.00214421368620964,,,0.00178070364774444,,0.00214421368620964,,TRUE,FALSE,FALSE,FALSE,63.1,63.3,,,TRUE,Pre-Post,Pre-Post,Rescued,72.9999999999984,0.199999999999996,2.39999999999995,0.00254471659459509,0.0003635100384652,0.00181755019232604,0.00015146251602717
No Treatment,Carlos,chr2 25241699 C>G,DNMT3A,FALSE,,0.000788787088162126,,0.00628487141666132,,,0.000788787088162126,,0.00628487141666132,,TRUE,FALSE,FALSE,FALSE,52.2,59.7,,,TRUE,Pre-Post,Pre-Post,Rescued,2737.5,7.5,90,0.000758138530724504,0.00549608432849919,0.000732811243799893,6.1067603649991e-05
No Treatment,Carlos,chr2 25239131 T>C,DNMT3A,FALSE,,0.0011,,0.0024,,,0.0011,,0.0024,,FALSE,FALSE,TRUE,FALSE,64.7,67.6,,,TRUE,Pre-Post,Pre-Post,Called,1058.5,2.89999999999999,34.7999999999999,0.000737041622625959,0.0013,0.000448275862068967,3.73563218390806e-05
No Treatment,Carlos,chr2 25243931 G>A,DNMT3A,TRUE,,0.104,,0.0844,,,0.104,,0.0844,,FALSE,FALSE,FALSE,FALSE,67.5,67.6,,,TRUE,Pre-Post,Pre-Post,Exist,36.4999999999979,0.0999999999999943,1.19999999999993,-0.00572119171341022,-0.0196,-0.196000000000011,-0.0163333333333343
No Treatment,Carlos,chr2 25246643 GGGCCAGAAGGCTGGAAGCCCCCC>G,DNMT3A,TRUE,,0.0338,,0.0272,,,0.0338,,0.0272,,FALSE,FALSE,FALSE,FALSE,67.5,67.6,,,TRUE,Pre-Post,Pre-Post,Exist,36.4999999999979,0.0999999999999943,1.19999999999993,-0.00595188573115161,-0.0066,-0.0660000000000037,-0.00550000000000031
No Treatment,Carlos,chr2 25240718 C>T,DNMT3A,TRUE,,0.0049,,0.0053,,,0.0049,,0.0053,,FALSE,FALSE,FALSE,FALSE,67.5,67.6,,,TRUE,Pre-Post,Pre-Post,Exist,36.4999999999979,0.0999999999999943,1.19999999999993,0.00214990727236986,4e-04,0.00400000000000023,0.000333333333333352
No Treatment,Carlos,chr2 25240366 CAGA>C,DNMT3A,TRUE,,0.0033,,0.0021,,,0.0033,,0.0021,,FALSE,FALSE,FALSE,FALSE,67.5,67.6,,,TRUE,Pre-Post,Pre-Post,Exist,36.4999999999979,0.0999999999999943,1.19999999999993,-0.012383154075153,-0.0012,-0.0120000000000007,-0.00100000000000006
No Treatment,Carlos,chr4 105276348 CA>C,TET2,FALSE,,0.0016,,0.0021,,,0.0016,,0.0021,,FALSE,FALSE,TRUE,FALSE,67.5,67.6,,,TRUE,Pre-Post,Pre-Post,Called,36.4999999999979,0.0999999999999943,1.19999999999993,0.00745023878037417,5e-04,0.00500000000000028,0.00041666666666669
No Treatment,Carlos,chr22 28696959 C>T,CHEK2,FALSE,,0.0024,,9e-04,,,0.0024,,9e-04,,FALSE,FALSE,TRUE,FALSE,67.5,69.5,,,TRUE,Pre-Post,Pre-Post,Called,730,2,24,-0.00134360171645442,-0.0015,-0.00075,-6.25e-05
No Treatment,Carlos,chr2 25247690 C>T,DNMT3A,TRUE,,0.2769,,0.274,,,0.2769,,0.274,,FALSE,FALSE,FALSE,FALSE,68,68.1,,,TRUE,Pre-Post,Pre-Post,Exist,36.4999999999979,0.0999999999999943,1.19999999999993,-0.000288447227091681,-0.00289999999999996,-0.0290000000000012,-0.00241666666666677
No Treatment,Carlos,chr2 25239156 G>C,DNMT3A,TRUE,,0.0053,,0.0066,,,0.0053,,0.0066,,FALSE,FALSE,FALSE,FALSE,62.6,62.8,,,TRUE,Pre-Post,Pre-Post,Exist,72.9999999999984,0.199999999999996,2.39999999999995,0.00300497025307272,0.0013,0.00650000000000014,0.000541666666666678
No Treatment,Carlos,chr4 105276220 C>T,TET2,TRUE,,0.02,,0.0139,,,0.02,,0.0139,,FALSE,FALSE,FALSE,FALSE,63.1,63.7,,,TRUE,Pre-Post,Pre-Post,Exist,219.000000000001,0.600000000000001,7.20000000000002,-0.00166138554071847,-0.0061,-0.0101666666666666,-0.00084722222222222
No Treatment,Carlos,chr4 105237289 TA>T,TET2,FALSE,,1.41864094197759e-05,,0.0032,,,1.41864094197759e-05,,0.0032,,FALSE,FALSE,FALSE,TRUE,63.1,63.7,,,TRUE,Post Only,Pre-Post,At Limit,219.000000000001,0.600000000000001,7.20000000000002,0.024742564683066,0.00318581359058022,0.00530968931763369,0.000442474109802808
No Treatment,Carlos,chr17 7669644 GT>G,TP53,FALSE,,1.99752307139147e-05,,0.0047,,,1.99752307139147e-05,,0.0047,,FALSE,FALSE,FALSE,TRUE,59.5,60.4,,,TRUE,Post Only,Pre-Post,At Limit,328.5,0.899999999999999,10.8,0.01662351520846,0.00468002476928609,0.00520002752142899,0.000433335626785749
No Treatment,Carlos,chr2 25240420 T>C,DNMT3A,FALSE,,0.001,,0.002,,,0.001,,0.002,,FALSE,FALSE,TRUE,FALSE,59.5,60.4,,,TRUE,Pre-Post,Pre-Post,Called,328.5,0.899999999999999,10.8,0.00211003707933013,0.001,0.00111111111111111,9.25925925925927e-05
No Treatment,Carlos,chr17 7674873 A>G,TP53,FALSE,,7e-04,,0.002,,,7e-04,,0.002,,FALSE,FALSE,TRUE,FALSE,59.5,60.4,,,TRUE,Pre-Post,Pre-Post,Called,328.5,0.899999999999999,10.8,0.00319580555402947,0.0013,0.00144444444444445,0.000120370370370371
No Treatment,Carlos,chr4 105242904 C>T,TET2,TRUE,,0.0025,,0.0017,,,0.0025,,0.0017,,FALSE,FALSE,FALSE,FALSE,67.2,67.3,,,TRUE,Pre-Post,Pre-Post,Exist,36.4999999999979,0.0999999999999943,1.19999999999993,-0.0105660953647125,-8e-04,-0.00800000000000046,-0.000666666666666705
No Treatment,Carlos,chr17 60663251 CT>C,PPM1D,TRUE,,0.0033,,0.0036,,,0.0033,,0.0036,,FALSE,FALSE,FALSE,FALSE,67.5,68.4,,,TRUE,Pre-Post,Pre-Post,Exist,328.500000000002,0.900000000000006,10.8000000000001,0.000264874815797958,3e-04,0.000333333333333331,2.77777777777776e-05
No Treatment,Carlos,chr2 25247599 ATTTGCCGTCTC>A,DNMT3A,TRUE,,0.0107,,0.0105,,,0.0107,,0.0105,,FALSE,FALSE,FALSE,FALSE,60.1,60.7,,,TRUE,Pre-Post,Pre-Post,Exist,219.000000000001,0.600000000000001,7.20000000000002,-8.61574625770897e-05,-0.000199999999999999,-0.000333333333333331,-2.77777777777775e-05
No Treatment,Carlos,chr2 25240663 T>C,DNMT3A,TRUE,,0.0083,,0.0072,,,0.0083,,0.0072,,FALSE,FALSE,FALSE,FALSE,60.1,60.7,,,TRUE,Pre-Post,Pre-Post,Exist,219.000000000001,0.600000000000001,7.20000000000002,-0.000649198578906586,-0.0011,-0.00183333333333333,-0.000152777777777777
No Treatment,Carlos,chr2 25240714 G>A,DNMT3A,TRUE,,0.0034,,0.0034,,,0.0034,,0.0034,,FALSE,FALSE,FALSE,FALSE,60.1,60.7,,,TRUE,Pre-Post,Pre-Post,Exist,219.000000000001,0.600000000000001,7.20000000000002,0,0,0,0
No Treatment,Carlos,chr2 25235770 TC>T,DNMT3A,TRUE,,0.0204,,0.0224,,,0.0204,,0.0224,,FALSE,FALSE,FALSE,FALSE,74.8,75.5,,,TRUE,Pre-Post,Pre-Post,Exist,255.500000000001,0.700000000000003,8.40000000000003,0.000366051107674454,0.002,0.00285714285714284,0.000238095238095237
No Treatment,Carlos,chr2 25244319 C>T,DNMT3A,TRUE,,0.0034,,0.0037,,,0.0034,,0.0037,,FALSE,FALSE,FALSE,FALSE,74.8,75.5,,,TRUE,Pre-Post,Pre-Post,Exist,255.500000000001,0.700000000000003,8.40000000000003,0.000330948681127448,3e-04,0.000428571428571427,3.57142857142856e-05
No Treatment,Carlos,chr2 25235759 G>A,DNMT3A,TRUE,,0.0034,,0.0024,,,0.0034,,0.0024,,FALSE,FALSE,FALSE,FALSE,68.7,70.7,,,TRUE,Pre-Post,Pre-Post,Exist,730,2,24,-0.000477132457901666,-0.001,-5e-04,-4.16666666666667e-05
No Treatment,Carlos,chr17 60663337 A>T,PPM1D,TRUE,,0.0031,,0.0033,,,0.0031,,0.0033,,FALSE,FALSE,FALSE,FALSE,68.7,70.7,,,TRUE,Pre-Post,Pre-Post,Exist,730,2,24,8.56443246319643e-05,2e-04,1e-04,8.33333333333334e-06
No Treatment,Carlos,chr2 25246660 GC>G,DNMT3A,TRUE,,0.0285,,0.0169,,,0.0285,,0.0169,,FALSE,FALSE,FALSE,FALSE,68.8,68.9,,,TRUE,Pre-Post,Pre-Post,Exist,36.5000000000031,0.100000000000009,1.2000000000001,-0.014317546995768,-0.0116,-0.11599999999999,-0.00966666666666585
No Treatment,Carlos,chr2 25239199 A>G,DNMT3A,TRUE,,0.0075,,0.0209,,,0.0075,,0.0209,,FALSE,FALSE,FALSE,FALSE,68.8,68.9,,,TRUE,Pre-Post,Pre-Post,Exist,36.5000000000031,0.100000000000009,1.2000000000001,0.028077976395299,0.0134,0.133999999999989,0.0111666666666657
No Treatment,Carlos,chr2 25244636 CA>C,DNMT3A,TRUE,,0.0037,,0.0029,,,0.0037,,0.0029,,FALSE,FALSE,FALSE,FALSE,68.8,68.9,,,TRUE,Pre-Post,Pre-Post,Exist,36.5000000000031,0.100000000000009,1.2000000000001,-0.00667457760706109,-8e-04,-0.00799999999999932,-0.00066666666666661
No Treatment,Carlos,chr4 105235713 C>T,TET2,TRUE,,0.0026,,0.0028,,,0.0026,,0.0028,,FALSE,FALSE,FALSE,FALSE,68.8,68.9,,,TRUE,Pre-Post,Pre-Post,Exist,36.5000000000031,0.100000000000009,1.2000000000001,0.00203035540147166,2e-04,0.00199999999999983,0.000166666666666653
No Treatment,Carlos,chr4 105276157 A>C,TET2,TRUE,,0.0024,,8e-04,,,0.0024,,8e-04,,FALSE,FALSE,FALSE,FALSE,68.8,68.9,,,TRUE,Pre-Post,Pre-Post,Exist,36.5000000000031,0.100000000000009,1.2000000000001,-0.0300989668128224,-0.0016,-0.0159999999999986,-0.00133333333333322
No Treatment,Carlos,chr4 105276092 G>A,TET2,TRUE,,0.0037,,0.0074,,,0.0037,,0.0074,,FALSE,FALSE,FALSE,FALSE,64.8,67.7,,,TRUE,Pre-Post,Pre-Post,Exist,1058.5,2.90000000000001,34.8000000000001,0.000654839093585209,0.0037,0.00127586206896551,0.00010632183908046
No Treatment,Carlos,chr17 60663077 AT>A,PPM1D,TRUE,,0.0025,,0.0022,,,0.0025,,0.0022,,FALSE,FALSE,FALSE,FALSE,64.8,67.7,,,TRUE,Pre-Post,Pre-Post,Exist,1058.5,2.90000000000001,34.8000000000001,-0.000120768418998474,-3e-04,-0.000103448275862069,-8.62068965517239e-06
No Treatment,Carlos,chr2 197402636 T>A,SF3B1,TRUE,,0.0161,,0.0058,,,0.0161,,0.0058,,FALSE,FALSE,FALSE,FALSE,81.5,83.6,,,TRUE,Pre-Post,Pre-Post,Exist,766.499999999998,2.09999999999999,25.1999999999999,-0.00133197828367651,-0.0103,-0.00490476190476192,-0.00040873015873016
No Treatment,Carlos,chr2 25240724 C>A,DNMT3A,TRUE,,0.00442,,0.0025,,,0.00442,,0.0025,,FALSE,FALSE,FALSE,FALSE,81.5,83.6,,,TRUE,Pre-Post,Pre-Post,Exist,766.499999999998,2.09999999999999,25.1999999999999,-0.000743442875688784,-0.00192,-0.000914285714285717,-7.61904761904764e-05
No Treatment,Carlos,chr4 105276160 A>G,TET2,TRUE,,0.0079,,0.0057,,,0.0079,,0.0057,,FALSE,FALSE,FALSE,FALSE,81.9,82.5,,,TRUE,Pre-Post,Pre-Post,Exist,218.999999999998,0.599999999999994,7.19999999999993,-0.00149039536361861,-0.0022,-0.0036666666666667,-0.000305555555555559
No Treatment,Carlos,chr17 76736877 G>A,SRSF2,TRUE,,0.0058,,0.0038,,,0.0058,,0.0038,,FALSE,FALSE,FALSE,FALSE,81.9,82.5,,,TRUE,Pre-Post,Pre-Post,Exist,218.999999999998,0.599999999999994,7.19999999999993,-0.0019308532000915,-0.002,-0.00333333333333336,-0.00027777777777778
No Treatment,Carlos,chr4 105234223 TA>T,TET2,TRUE,,0.0026,,0.0023,,,0.0026,,0.0023,,FALSE,FALSE,FALSE,FALSE,81.9,82.5,,,TRUE,Pre-Post,Pre-Post,Exist,218.999999999998,0.599999999999994,7.19999999999993,-0.000559827954759513,-3e-04,-0.000500000000000005,-4.16666666666671e-05
No Treatment,Carlos,chr4 105235207 G>GA,TET2,TRUE,,0.0023,,0.0033,,,0.0023,,0.0033,,FALSE,FALSE,FALSE,FALSE,81.9,82.5,,,TRUE,Pre-Post,Pre-Post,Exist,218.999999999998,0.599999999999994,7.19999999999993,0.00164846276501066,0.001,0.00166666666666668,0.00013888888888889
No Treatment,Carlos,chr4 105235530 C>T,TET2,FALSE,,0.0022,,0.0011,,,0.0022,,0.0011,,FALSE,FALSE,TRUE,FALSE,81.9,82.5,,,TRUE,Pre-Post,Pre-Post,Called,218.999999999998,0.599999999999994,7.19999999999993,-0.00316505561899521,-0.0011,-0.00183333333333335,-0.000152777777777779
No Treatment,Carlos,chr2 25234373 C>T,DNMT3A,TRUE,,0.0021,,0.0032,,,0.0021,,0.0032,,FALSE,FALSE,FALSE,FALSE,81.9,82.5,,,TRUE,Pre-Post,Pre-Post,Exist,218.999999999998,0.599999999999994,7.19999999999993,0.00192334915559958,0.0011,0.00183333333333335,0.000152777777777779
No Treatment,Carlos,chr22 28689191 G>A,CHEK2,TRUE,,0.0019,,0.0022,,,0.0019,,0.0022,,FALSE,FALSE,FALSE,FALSE,81.9,82.5,,,TRUE,Pre-Post,Pre-Post,Exist,218.999999999998,0.599999999999994,7.19999999999993,0.000669422256583913,3e-04,0.000500000000000005,4.16666666666671e-05
No Treatment,Carlos,chr2 25243931 G>A,DNMT3A,TRUE,,0.0027,,0.0054,,,0.0027,,0.0054,,FALSE,FALSE,FALSE,FALSE,58.3,58.4,,,TRUE,Pre-Post,Pre-Post,Exist,36.5000000000005,0.100000000000001,1.20000000000002,0.0189903337139708,0.0027,0.0269999999999996,0.00224999999999997
No Treatment,Carlos,chr2 25240428 AAAG>A,DNMT3A,TRUE,,0.0046,,0.0035,,,0.0046,,0.0035,,FALSE,FALSE,FALSE,FALSE,68.3,69.6,,,TRUE,Pre-Post,Pre-Post,Exist,474.499999999999,1.3,15.6,-0.000575960663856021,-0.0011,-0.000846153846153848,-7.05128205128207e-05
No Treatment,Carlos,chr4 105235501 GT>G,TET2,TRUE,,0.0031,,0.0033,,,0.0031,,0.0033,,FALSE,FALSE,FALSE,FALSE,68.3,69.6,,,TRUE,Pre-Post,Pre-Post,Exist,474.499999999999,1.3,15.6,0.000131760499433792,2e-04,0.000153846153846154,1.28205128205129e-05
No Treatment,Carlos,chr2 25241675 C>T,DNMT3A,TRUE,,0.0172,,0.0167,,,0.0172,,0.0167,,FALSE,FALSE,FALSE,FALSE,80.1,82,,,TRUE,Pre-Post,Pre-Post,Exist,693.500000000002,1.90000000000001,22.8000000000001,-4.25388095121815e-05,-5e-04,-0.000263157894736842,-2.19298245614035e-05
No Treatment,Carlos,chr20 32435076 ATGTGAGT>A,ASXL1,TRUE,,0.008,,0.0119,,,0.008,,0.0119,,FALSE,FALSE,FALSE,FALSE,80.1,82,,,TRUE,Pre-Post,Pre-Post,Exist,693.500000000002,1.90000000000001,22.8000000000001,0.000572598209715424,0.0039,0.00205263157894736,0.000171052631578947
No Treatment,Carlos,chr17 60663174 AGCCCTGACTTTAA>G,PPM1D,TRUE,,0.0051,,0.0047,,,0.0051,,0.0047,,FALSE,FALSE,FALSE,FALSE,80.1,82,,,TRUE,Pre-Post,Pre-Post,Exist,693.500000000002,1.90000000000001,22.8000000000001,-0.000117776540755973,-4e-04,-0.000210526315789473,-1.75438596491228e-05
No Treatment,Carlos,chr17 60663172 AAAGCCCTGACTTT>A,PPM1D,TRUE,,0.004793,,0.00412,,,0.004793,,0.00412,,FALSE,FALSE,FALSE,FALSE,80.1,82,,,TRUE,Pre-Post,Pre-Post,Exist,693.500000000002,1.90000000000001,22.8000000000001,-0.000218173549842911,-0.000673,-0.000354210526315788,-2.9517543859649e-05
No Treatment,Carlos,chr20 32434481 CTT>C,ASXL1,TRUE,,0.0034,,0.0037,,,0.0034,,0.0037,,FALSE,FALSE,FALSE,FALSE,80.1,82,,,TRUE,Pre-Post,Pre-Post,Exist,693.500000000002,1.90000000000001,22.8000000000001,0.000121928461468007,3e-04,0.000157894736842105,1.31578947368421e-05
No Treatment,Carlos,chr20 32434638 A>AG,ASXL1,TRUE,,0.1517,,0.1131,,,0.1517,,0.1131,,FALSE,FALSE,FALSE,FALSE,76.8,77.7,,,TRUE,Pre-Post,Pre-Post,Exist,328.500000000002,0.900000000000006,10.8000000000001,-0.000893858457328493,-0.0386,-0.0428888888888886,-0.00357407407407405
No Treatment,Carlos,chr4 105261799 T>C,TET2,TRUE,,0.1136,,0.0797,,,0.1136,,0.0797,,FALSE,FALSE,FALSE,FALSE,76.8,77.7,,,TRUE,Pre-Post,Pre-Post,Exist,328.500000000002,0.900000000000006,10.8000000000001,-0.00107888560271196,-0.0339,-0.0376666666666664,-0.00313888888888887
No Treatment,Carlos,chr20 32434638 A>AGG,ASXL1,TRUE,,0.008578,,0.006611,,,0.008578,,0.006611,,FALSE,FALSE,FALSE,FALSE,76.8,77.7,,,TRUE,Pre-Post,Pre-Post,Exist,328.500000000002,0.900000000000006,10.8000000000001,-0.000792894544119471,-0.001967,-0.00218555555555554,-0.000182129629629629
No Treatment,Carlos,chr4 105276128 T>C,TET2,TRUE,,0.0196,,0.0219,,,0.0196,,0.0219,,FALSE,FALSE,FALSE,FALSE,80.9,81.2,,,TRUE,Pre-Post,Pre-Post,Exist,109.499999999999,0.299999999999997,3.59999999999997,0.00101330658069392,0.0023,0.00766666666666674,0.000638888888888895
No Treatment,Carlos,chr4 105236688 C>T,TET2,TRUE,,0.0092,,0.0087,,,0.0092,,0.0087,,FALSE,FALSE,FALSE,FALSE,80.9,81.2,,,TRUE,Pre-Post,Pre-Post,Exist,109.499999999999,0.299999999999997,3.59999999999997,-0.000510323820953947,-5e-04,-0.00166666666666668,-0.00013888888888889
No Treatment,Carlos,chr22 28725013 TG>T,CHEK2,TRUE,,0.0034,,0.003,,,0.0034,,0.003,,FALSE,FALSE,FALSE,FALSE,80.9,81.2,,,TRUE,Pre-Post,Pre-Post,Exist,109.499999999999,0.299999999999997,3.59999999999997,-0.00114304240140646,-4e-04,-0.00133333333333335,-0.000111111111111112
No Treatment,Carlos,chr4 105259699 A>G,TET2,TRUE,,0.0169,,0.0082,,,0.0169,,0.0082,,FALSE,FALSE,FALSE,FALSE,75.6,77.7,,,TRUE,Pre-Post,Pre-Post,Exist,766.500000000003,2.10000000000001,25.2000000000001,-0.000943482671440075,-0.0087,-0.00414285714285713,-0.000345238095238094
No Treatment,Carlos,chr2 25240697 C>G,DNMT3A,TRUE,,0.0056,,0.0031,,,0.0056,,0.0031,,FALSE,FALSE,FALSE,FALSE,75.6,77.7,,,TRUE,Pre-Post,Pre-Post,Exist,766.500000000003,2.10000000000001,25.2000000000001,-0.000771512702217874,-0.0025,-0.00119047619047619,-9.92063492063488e-05
No Treatment,Carlos,chr2 25236936 C>G,DNMT3A,TRUE,,0.0029,,0.0027,,,0.0029,,0.0027,,FALSE,FALSE,FALSE,FALSE,75.6,77.7,,,TRUE,Pre-Post,Pre-Post,Exist,766.500000000003,2.10000000000001,25.2000000000001,-9.32276111965357e-05,-2e-04,-9.52380952380947e-05,-7.93650793650789e-06
No Treatment,Carlos,chr4 105241378 A>C,TET2,TRUE,,0.0021,,0.0011,,,0.0021,,0.0011,,FALSE,FALSE,FALSE,FALSE,75.6,77.7,,,TRUE,Pre-Post,Pre-Post,Exist,766.500000000003,2.10000000000001,25.2000000000001,-0.000843610130365362,-0.001,-0.000476190476190474,-3.96825396825395e-05
No Treatment,Carlos,chr2 25247690 C>T,DNMT3A,TRUE,,0.0065,,0.0066,,,0.0065,,0.0066,,FALSE,FALSE,FALSE,FALSE,67.3,68.3,,,TRUE,Pre-Post,Pre-Post,Exist,365,1,12,4.18286907692832e-05,1e-04,1e-04,8.33333333333336e-06
No Treatment,Carlos,chr17 7674957 G>A,TP53,TRUE,,0.0062,,0.0054,,,0.0062,,0.0054,,FALSE,FALSE,FALSE,FALSE,67.3,68.3,,,TRUE,Pre-Post,Pre-Post,Exist,365,1,12,-0.000378494078029636,-8e-04,-8e-04,-6.66666666666666e-05
No Treatment,Carlos,chr2 25247690 C>T,DNMT3A,TRUE,,0.0092,,0.0094,,,0.0092,,0.0094,,FALSE,FALSE,FALSE,FALSE,71.7,74.5,,,TRUE,Pre-Post,Pre-Post,Exist,1022,2.8,33.6,2.10432536408647e-05,0.000200000000000001,7.14285714285717e-05,5.95238095238097e-06
No Treatment,Carlos,chr2 25240313 G>A,DNMT3A,TRUE,,0.0058,,0.0052,,,0.0058,,0.0052,,FALSE,FALSE,FALSE,FALSE,71.7,74.5,,,TRUE,Pre-Post,Pre-Post,Exist,1022,2.8,33.6,-0.000106848622274943,-6e-04,-0.000214285714285714,-1.78571428571429e-05
No Treatment,Carlos,chr2 25239149 T>C,DNMT3A,TRUE,,0.002,,0.0025,,,0.002,,0.0025,,FALSE,FALSE,FALSE,FALSE,71.7,74.5,,,TRUE,Pre-Post,Pre-Post,Exist,1022,2.8,33.6,0.00021834006977907,5e-04,0.000178571428571429,1.48809523809524e-05
No Treatment,Carlos,chr2 25240324 CT>C,DNMT3A,TRUE,,0.0101,,0.0061,,,0.0101,,0.0061,,FALSE,FALSE,FALSE,FALSE,54.9,55.1,,,TRUE,Pre-Post,Pre-Post,Exist,73.000000000001,0.200000000000003,2.40000000000003,-0.00690748839271152,-0.004,-0.0199999999999997,-0.00166666666666664
No Treatment,Carlos,chr4 105276176 C>T,TET2,TRUE,,0.0046,,0.0033,,,0.0046,,0.0033,,FALSE,FALSE,FALSE,FALSE,54.9,55.1,,,TRUE,Pre-Post,Pre-Post,Exist,73.000000000001,0.200000000000003,2.40000000000003,-0.00454977856195356,-0.0013,-0.00649999999999991,-0.000541666666666659
No Treatment,Carlos,chr2 25240318 A>G,DNMT3A,TRUE,,0.0214,,0.0165,,,0.0214,,0.0165,,FALSE,FALSE,FALSE,FALSE,81.5,81.9,,,TRUE,Pre-Post,Pre-Post,Exist,146.000000000002,0.400000000000006,4.80000000000007,-0.00178103110357032,-0.0049,-0.0122499999999998,-0.00102083333333332
No Treatment,Carlos,chr2 25236960 A>C,DNMT3A,TRUE,,0.0027,,0.0044,,,0.0027,,0.0044,,FALSE,FALSE,FALSE,FALSE,81.5,81.9,,,TRUE,Pre-Post,Pre-Post,Exist,146.000000000002,0.400000000000006,4.80000000000007,0.00334488197201319,0.0017,0.00424999999999994,0.000354166666666662
No Treatment,Carlos,chr2 25244615 T>C,DNMT3A,TRUE,,0.0025,,0.0029,,,0.0025,,0.0029,,FALSE,FALSE,FALSE,FALSE,81.5,81.9,,,TRUE,Pre-Post,Pre-Post,Exist,146.000000000002,0.400000000000006,4.80000000000007,0.0010165753775224,4e-04,0.000999999999999985,8.33333333333321e-05
No Treatment,Carlos,chr2 25244263 C>T,DNMT3A,TRUE,,0.001,,0.002,,,0.001,,0.002,,FALSE,FALSE,FALSE,FALSE,81.5,81.9,,,TRUE,Pre-Post,Pre-Post,Exist,146.000000000002,0.400000000000006,4.80000000000007,0.00474758342849271,0.001,0.00249999999999996,0.00020833333333333
No Treatment,Carlos,chr22 28725090 A>G,CHEK2,TRUE,,0.252,,0.329,,,0.252,,0.329,,FALSE,FALSE,FALSE,FALSE,66.7,68.6,,,TRUE,Pre-Post,Pre-Post,Exist,693.499999999997,1.89999999999999,22.7999999999999,0.000384468151772098,0.077,0.0405263157894739,0.00337719298245616
No Treatment,Carlos,chr4 105275834 GCTCT>G,TET2,TRUE,,0.0095,,0.013,,,0.0095,,0.013,,FALSE,FALSE,FALSE,FALSE,66.7,68.6,,,TRUE,Pre-Post,Pre-Post,Exist,693.499999999997,1.89999999999999,22.7999999999999,0.000452281988255289,0.0035,0.0018421052631579,0.000153508771929825
No Treatment,Carlos,chr4 105275300 T>TA,TET2,TRUE,,0.0018,,0.004,,,0.0018,,0.004,,FALSE,FALSE,FALSE,FALSE,66.7,68.6,,,TRUE,Pre-Post,Pre-Post,Exist,693.499999999997,1.89999999999999,22.7999999999999,0.00115141700968677,0.0022,0.00115789473684211,9.64912280701759e-05
No Treatment,Carlos,chr2 25234322 C>G,DNMT3A,TRUE,,0.0142,,0.0163,,,0.0142,,0.0163,,FALSE,FALSE,FALSE,FALSE,73.9,75.8,,,TRUE,Pre-Post,Pre-Post,Exist,693.499999999997,1.89999999999999,22.7999999999999,0.00019887980274766,0.0021,0.00110526315789474,9.2105263157895e-05
No Treatment,Carlos,chr2 25247611 C>T,DNMT3A,TRUE,,0.0103,,0.0108,,,0.0103,,0.0108,,FALSE,FALSE,FALSE,FALSE,73.9,75.8,,,TRUE,Pre-Post,Pre-Post,Exist,693.499999999997,1.89999999999999,22.7999999999999,6.83521829770499e-05,5e-04,0.000263157894736844,2.19298245614036e-05
No Treatment,Carlos,chr20 32433834 C>T,ASXL1,TRUE,,0.0088,,0.0078,,,0.0088,,0.0078,,FALSE,FALSE,FALSE,FALSE,73.9,75.8,,,TRUE,Pre-Post,Pre-Post,Exist,693.499999999997,1.89999999999999,22.7999999999999,-0.00017394086198791,-0.001,-0.000526315789473687,-4.38596491228072e-05
No Treatment,Carlos,chr2 25245257 C>T,DNMT3A,TRUE,,0.0062,,0.0085,,,0.0062,,0.0085,,FALSE,FALSE,FALSE,FALSE,73.9,75.8,,,TRUE,Pre-Post,Pre-Post,Exist,693.499999999997,1.89999999999999,22.7999999999999,0.000454963044621812,0.0023,0.00121052631578948,0.000100877192982457
No Treatment,Carlos,chr4 105276107 CAA>C,TET2,TRUE,,0.0034,,0.0069,,,0.0034,,0.0069,,FALSE,FALSE,FALSE,FALSE,73.9,75.8,,,TRUE,Pre-Post,Pre-Post,Exist,693.499999999997,1.89999999999999,22.7999999999999,0.00102054214849474,0.0035,0.0018421052631579,0.000153508771929825
No Treatment,Carlos,chr2 25235824 A>G,DNMT3A,TRUE,,0.0018,,0.002,,,0.0018,,0.002,,FALSE,FALSE,FALSE,FALSE,73.9,75.8,,,TRUE,Pre-Post,Pre-Post,Exist,693.499999999997,1.89999999999999,22.7999999999999,0.000151925761583024,2e-04,0.000105263157894737,8.77192982456145e-06
No Treatment,Carlos,chr2 25244222 A>G,DNMT3A,TRUE,,0.011,,0.0087,,,0.011,,0.0087,,FALSE,FALSE,FALSE,FALSE,71.9,72.8,,,TRUE,Pre-Post,Pre-Post,Exist,328.499999999997,0.899999999999992,10.7999999999999,-0.000714070767542876,-0.0023,-0.00255555555555558,-0.000212962962962965
No Treatment,Carlos,chr2 25241665 T>C,DNMT3A,FALSE,,0.00210851841439415,,0.00344556610046545,,,0.00210851841439415,,0.00344556610046545,,TRUE,FALSE,FALSE,FALSE,71.9,72.8,,,TRUE,Pre-Post,Pre-Post,Rescued,328.499999999997,0.899999999999992,10.7999999999999,0.00149498535352733,0.0013370476860713,0.00148560854007924,0.00012380071167327
No Treatment,Carlos,chr17 7674917 T>C,TP53,FALSE,,0.0022,,0.002,,,0.0022,,0.002,,FALSE,FALSE,TRUE,FALSE,71.9,72.8,,,TRUE,Pre-Post,Pre-Post,Called,328.499999999997,0.899999999999992,10.7999999999999,-0.000290137533650916,-2e-04,-0.000222222222222224,-1.85185185185187e-05
No Treatment,Carlos,chr22 28719418 G>C,CHEK2,TRUE,,0.0063,,0.0044,,,0.0063,,0.0044,,FALSE,FALSE,FALSE,FALSE,86.3,88.4,,,TRUE,Pre-Post,Pre-Post,Exist,766.500000000003,2.10000000000001,25.2000000000001,-0.000468291053455016,-0.0019,-0.000904761904761901,-7.53968253968251e-05
No Treatment,Carlos,chr4 105243704 ACT>A,TET2,TRUE,,0.0204,,0.0137,,,0.0204,,0.0137,,FALSE,FALSE,FALSE,FALSE,76.1,78,,,TRUE,Pre-Post,Pre-Post,Exist,693.500000000002,1.90000000000001,22.8000000000001,-0.000574101035351248,-0.0067,-0.00352631578947367,-0.000293859649122806
No Treatment,Carlos,chr2 25234354 CA>C,DNMT3A,TRUE,,0.0084,,0.0055,,,0.0084,,0.0055,,FALSE,FALSE,FALSE,FALSE,76.1,78,,,TRUE,Pre-Post,Pre-Post,Exist,693.500000000002,1.90000000000001,22.8000000000001,-0.000610646883360983,-0.0029,-0.00152631578947368,-0.00012719298245614
No Treatment,Carlos,chr2 25246644 GGCCAGAAGGCT>G,DNMT3A,TRUE,,0.0079,,0.0065,,,0.0079,,0.0065,,FALSE,FALSE,FALSE,FALSE,76.1,78,,,TRUE,Pre-Post,Pre-Post,Exist,693.500000000002,1.90000000000001,22.8000000000001,-0.00028126976578426,-0.0014,-0.000736842105263156,-6.14035087719297e-05
No Treatment,Carlos,chr4 105272736 GA>G,TET2,TRUE,,0.0043,,0.0034,,,0.0043,,0.0034,,FALSE,FALSE,FALSE,FALSE,76.1,78,,,TRUE,Pre-Post,Pre-Post,Exist,693.500000000002,1.90000000000001,22.8000000000001,-0.000338629547335833,-9e-04,-0.000473684210526315,-3.94736842105262e-05
No Treatment,Carlos,chr2 25243943 T>C,DNMT3A,TRUE,,0.0045,,0.0044,,,0.0045,,0.0044,,FALSE,FALSE,FALSE,FALSE,76.1,78,,,TRUE,Pre-Post,Pre-Post,Exist,693.500000000002,1.90000000000001,22.8000000000001,-3.24049832041218e-05,-9.99999999999994e-05,-5.2631578947368e-05,-4.38596491228066e-06
No Treatment,Carlos,chr2 25240690 C>A,DNMT3A,TRUE,,0.0038,,0.0019,,,0.0038,,0.0019,,FALSE,FALSE,FALSE,FALSE,76.1,78,,,TRUE,Pre-Post,Pre-Post,Exist,693.500000000002,1.90000000000001,22.8000000000001,-0.000999491248103739,-0.0019,-0.000999999999999997,-8.33333333333331e-05
No Treatment,Carlos,chr4 105236310 CAGTATTCAAAATCA>C,TET2,TRUE,,0.0022,,9e-04,,,0.0022,,9e-04,,FALSE,FALSE,FALSE,FALSE,76.1,78,,,TRUE,Pre-Post,Pre-Post,Exist,693.500000000002,1.90000000000001,22.8000000000001,-0.00128885057825825,-0.0013,-0.000684210526315788,-5.7017543859649e-05
No Treatment,Carlos,chr2 25234329 C>CT,DNMT3A,TRUE,,0.0167,,0.0217,,,0.0167,,0.0217,,FALSE,FALSE,FALSE,FALSE,78.3,80.5,,,TRUE,Pre-Post,Pre-Post,Exist,803.000000000001,2.2,26.4,0.000326156340129146,0.005,0.00227272727272727,0.000189393939393939
No Treatment,Carlos,chr2 25241609 C>G,DNMT3A,TRUE,,0.0154,,0.0183,,,0.0154,,0.0183,,FALSE,FALSE,FALSE,FALSE,78.3,80.5,,,TRUE,Pre-Post,Pre-Post,Exist,803.000000000001,2.2,26.4,0.000214861208502854,0.0029,0.00131818181818182,0.000109848484848485
No Treatment,Carlos,chr2 25239153 C>T,DNMT3A,TRUE,,0.0031,,0.0026,,,0.0031,,0.0026,,FALSE,FALSE,FALSE,FALSE,78.3,80.5,,,TRUE,Pre-Post,Pre-Post,Exist,803.000000000001,2.2,26.4,-0.000219041925857614,-5e-04,-0.000227272727272727,-1.89393939393939e-05
No Treatment,Carlos,chr4 105242922 A>G,TET2,TRUE,,0.0027,,0.0032,,,0.0027,,0.0032,,FALSE,FALSE,FALSE,FALSE,78.3,80.5,,,TRUE,Pre-Post,Pre-Post,Exist,803.000000000001,2.2,26.4,0.000211580369608216,5e-04,0.000227272727272727,1.89393939393939e-05
No Treatment,Carlos,chr2 25244609 T>C,DNMT3A,TRUE,,0.0077,,0.01,,,0.0077,,0.01,,FALSE,FALSE,FALSE,FALSE,64.6,64.8,,,TRUE,Pre-Post,Pre-Post,Exist,73.000000000001,0.200000000000003,2.40000000000003,0.00358033923471786,0.0023,0.0114999999999998,0.00095833333333332
No Treatment,Carlos,chr2 25240358 C>CA,DNMT3A,TRUE,,0.0038,,0.0032,,,0.0038,,0.0032,,FALSE,FALSE,FALSE,FALSE,64.6,64.8,,,TRUE,Pre-Post,Pre-Post,Exist,73.000000000001,0.200000000000003,2.40000000000003,-0.00235411310858434,-6e-04,-0.00299999999999996,-0.000249999999999996
No Treatment,Carlos,chr2 25240310 A>T,DNMT3A,FALSE,,0.003,,0.0028,,,0.003,,0.0028,,FALSE,FALSE,TRUE,FALSE,64.6,64.8,,,TRUE,Pre-Post,Pre-Post,Called,73.000000000001,0.200000000000003,2.40000000000003,-0.000945107828588362,-2e-04,-0.000999999999999986,-8.33333333333322e-05
No Treatment,Carlos,chr2 25246679 A>T,DNMT3A,TRUE,,0.0957,,0.0926,,,0.0957,,0.0926,,FALSE,FALSE,FALSE,FALSE,86,88,,,TRUE,Pre-Post,Pre-Post,Exist,730,2,24,-4.51084339818833e-05,-0.00309999999999999,-0.00155,-0.000129166666666666
No Treatment,Carlos,chr2 25241612 G>A,DNMT3A,TRUE,,0.0177,,0.0185,,,0.0177,,0.0185,,FALSE,FALSE,FALSE,FALSE,86,88,,,TRUE,Pre-Post,Pre-Post,Exist,730,2,24,6.05562911020489e-05,0.000799999999999999,0.000399999999999999,3.33333333333333e-05
No Treatment,Carlos,chr2 25247666 C>T,DNMT3A,TRUE,,0.0013,,0.0021,,,0.0013,,0.0021,,FALSE,FALSE,FALSE,FALSE,86,88,,,TRUE,Pre-Post,Pre-Post,Exist,730,2,24,0.000656949425016283,8e-04,4e-04,3.33333333333333e-05
No Treatment,Carlos,chr17 60663013 TGGCCAAGG>T,PPM1D,TRUE,,0.0034,,0.0042,,,0.0034,,0.0042,,FALSE,FALSE,FALSE,FALSE,65.7,65.9,,,TRUE,Pre-Post,Pre-Post,Exist,73.000000000001,0.200000000000003,2.40000000000003,0.00289464511872882,8e-04,0.00399999999999994,0.000333333333333329
No Treatment,Carlos,chr4 105236836 C>CA,TET2,TRUE,,0.1296,,0.0952,,,0.1296,,0.0952,,FALSE,FALSE,FALSE,FALSE,74.9,76,,,TRUE,Pre-Post,Pre-Post,Exist,401.499999999998,1.09999999999999,13.1999999999999,-0.000768300976639742,-0.0344,-0.0312727272727274,-0.00260606060606062
No Treatment,Carlos,chr9 5073770 G>T,JAK2,TRUE,,0.0222,,0.0061,,,0.0222,,0.0061,,FALSE,FALSE,FALSE,FALSE,74.9,76,,,TRUE,Pre-Post,Pre-Post,Exist,401.499999999998,1.09999999999999,13.1999999999999,-0.00321744338156656,-0.0161,-0.0146363636363637,-0.00121969696969698
No Treatment,Carlos,chr2 25246761 C>G,DNMT3A,TRUE,,0.008,,0.0055,,,0.008,,0.0055,,FALSE,FALSE,FALSE,FALSE,74.9,76,,,TRUE,Pre-Post,Pre-Post,Exist,401.499999999998,1.09999999999999,13.1999999999999,-0.000933233996118089,-0.0025,-0.00227272727272729,-0.00018939393939394
No Treatment,Carlos,chr4 105235633 G>A,TET2,TRUE,,0.0028,,0.0015,,,0.0028,,0.0015,,FALSE,FALSE,FALSE,FALSE,74.9,76,,,TRUE,Pre-Post,Pre-Post,Exist,401.499999999998,1.09999999999999,13.1999999999999,-0.00155455618698131,-0.0013,-0.00118181818181819,-9.8484848484849e-05
No Treatment,Carlos,chr4 105276210 CT>C,TET2,TRUE,,0.0027,,0.0022,,,0.0027,,0.0022,,FALSE,FALSE,FALSE,FALSE,74.9,76,,,TRUE,Pre-Post,Pre-Post,Exist,401.499999999998,1.09999999999999,13.1999999999999,-0.000510073256901655,-5e-04,-0.000454545454545457,-3.78787878787881e-05
No Treatment,Carlos,chr4 105243621 C>T,TET2,FALSE,,0.0025,,0.0011,,,0.0025,,0.0011,,FALSE,FALSE,TRUE,FALSE,74.9,76,,,TRUE,Pre-Post,Pre-Post,Called,401.499999999998,1.09999999999999,13.1999999999999,-0.00204478344226609,-0.0014,-0.00127272727272728,-0.000106060606060607
No Treatment,Carlos,chr4 105236908 C>CAT,TET2,TRUE,,0.0015,,0.0056,,,0.0015,,0.0056,,FALSE,FALSE,FALSE,FALSE,74.9,76,,,TRUE,Pre-Post,Pre-Post,Exist,401.499999999998,1.09999999999999,13.1999999999999,0.00328095016097869,0.0041,0.00372727272727275,0.000310606060606062
No Treatment,Carlos,chr2 25247714 C>T,DNMT3A,TRUE,,0.03,,0.0297,,,0.03,,0.0297,,FALSE,FALSE,FALSE,FALSE,71.8,72.8,,,TRUE,Pre-Post,Pre-Post,Exist,365,1,12,-2.75351667219215e-05,-0.000299999999999998,-0.000299999999999998,-2.49999999999999e-05
No Treatment,Carlos,chr2 25245284 AG>A,DNMT3A,TRUE,,0.0229,,0.0222,,,0.0229,,0.0222,,FALSE,FALSE,FALSE,FALSE,71.8,72.8,,,TRUE,Pre-Post,Pre-Post,Exist,365,1,12,-8.50537580327676e-05,-0.000699999999999999,-0.000699999999999999,-5.83333333333333e-05
No Treatment,Carlos,chr2 25244330 CA>C,DNMT3A,TRUE,,0.008,,0.0083,,,0.008,,0.0083,,FALSE,FALSE,FALSE,FALSE,71.8,72.8,,,TRUE,Pre-Post,Pre-Post,Exist,365,1,12,0.000100860200336209,3e-04,3e-04,2.5e-05
No Treatment,Carlos,chr2 25243931 G>A,DNMT3A,TRUE,,0.0071,,0.005,,,0.0071,,0.005,,FALSE,FALSE,FALSE,FALSE,57.4,57.6,,,TRUE,Pre-Post,Pre-Post,Exist,73.000000000001,0.200000000000003,2.40000000000003,-0.00480351878922143,-0.0021,-0.0104999999999999,-0.000874999999999988
No Treatment,Carlos,chr4 105272567 T>C,TET2,TRUE,,0.0284,,0.0311,,,0.0284,,0.0311,,FALSE,FALSE,FALSE,FALSE,68.4,69.4,,,TRUE,Pre-Post,Pre-Post,Exist,365,1,12,0.000248818284980899,0.0027,0.0027,0.000225
No Treatment,Carlos,chr2 25240313 G>GC,DNMT3A,TRUE,,0.008778,,0.0084,,,0.008778,,0.0084,,FALSE,FALSE,FALSE,FALSE,68.4,69.4,,,TRUE,Pre-Post,Pre-Post,Exist,365,1,12,-0.0001205942066213,-0.000378,-0.000378,-3.15e-05
No Treatment,Carlos,chr2 25240709 C>A,DNMT3A,TRUE,,0.0043,,0.0055,,,0.0043,,0.0055,,FALSE,FALSE,FALSE,FALSE,68.4,69.4,,,TRUE,Pre-Post,Pre-Post,Exist,365,1,12,0.000674337176818927,0.0012,0.0012,1e-04
No Treatment,Carlos,chr4 105236915 CTGTA>C,TET2,TRUE,,0.0037,,0.0043,,,0.0037,,0.0043,,FALSE,FALSE,FALSE,FALSE,68.4,69.4,,,TRUE,Pre-Post,Pre-Post,Exist,365,1,12,0.000411732063148871,6e-04,6e-04,5e-05
No Treatment,Carlos,chr4 105243759 C>T,TET2,FALSE,,0.0021,,0.0012,,,0.0021,,0.0012,,FALSE,FALSE,TRUE,FALSE,68.4,69.4,,,TRUE,Pre-Post,Pre-Post,Called,365,1,12,-0.0015331939395491,-9e-04,-9e-04,-7.5e-05
No Treatment,Carlos,chr4 105276087 TGGG>T,TET2,TRUE,,0.0086,,0.0096,,,0.0086,,0.0096,,FALSE,FALSE,FALSE,FALSE,67.2,69,,,TRUE,Pre-Post,Pre-Post,Exist,656.999999999999,1.8,21.6,0.000167429064253164,0.001,0.000555555555555556,4.62962962962963e-05
No Treatment,Carlos,chr4 105234781 C>CT,TET2,TRUE,,0.0046,,0.0045,,,0.0046,,0.0045,,FALSE,FALSE,FALSE,FALSE,67.2,69,,,TRUE,Pre-Post,Pre-Post,Exist,656.999999999999,1.8,21.6,-3.34534348839808e-05,-1e-04,-5.55555555555558e-05,-4.62962962962965e-06
No Treatment,Carlos,chr20 32434617 GGC>G,ASXL1,TRUE,,0.0118,,0.0099,,,0.0118,,0.0099,,FALSE,FALSE,FALSE,FALSE,72.3,74.1,,,TRUE,Pre-Post,Pre-Post,Exist,656.999999999999,1.8,21.6,-0.000267221878738318,-0.0019,-0.00105555555555556,-8.79629629629631e-05
No Treatment,Carlos,chr4 105276160 A>G,TET2,TRUE,,0.006,,0.0052,,,0.006,,0.0052,,FALSE,FALSE,FALSE,FALSE,72.3,74.1,,,TRUE,Pre-Post,Pre-Post,Exist,656.999999999999,1.8,21.6,-0.000217809503258255,-8e-04,-0.000444444444444445,-3.70370370370371e-05
No Treatment,Carlos,chr22 28725090 A>G,CHEK2,TRUE,,0.0025,,0.0022,,,0.0025,,0.0022,,FALSE,FALSE,FALSE,FALSE,72.3,74.1,,,TRUE,Pre-Post,Pre-Post,Exist,656.999999999999,1.8,21.6,-0.000194571341719764,-3e-04,-0.000166666666666667,-1.38888888888889e-05
No Treatment,Carlos,chr2 25241588 C>A,DNMT3A,TRUE,,0.0041,,0.0055,,,0.0041,,0.0055,,FALSE,FALSE,FALSE,FALSE,57,57.1,,,TRUE,Pre-Post,Pre-Post,Exist,36.5000000000005,0.100000000000001,1.20000000000002,0.00804824982268928,0.0014,0.0139999999999998,0.00116666666666665
No Treatment,Carlos,chr2 25234373 C>T,DNMT3A,TRUE,,0.0083,,0.0106,,,0.0083,,0.0106,,FALSE,FALSE,FALSE,FALSE,74.5,76.3,,,TRUE,Pre-Post,Pre-Post,Exist,656.999999999999,1.8,21.6,0.000372296021789147,0.0023,0.00127777777777778,0.000106481481481482
No Treatment,Carlos,chr2 25247718 A>C,DNMT3A,TRUE,,0.0066,,0.0033,,,0.0066,,0.0033,,FALSE,FALSE,FALSE,FALSE,74.5,76.3,,,TRUE,Pre-Post,Pre-Post,Exist,656.999999999999,1.8,21.6,-0.00105501853966506,-0.0033,-0.00183333333333334,-0.000152777777777778
No Treatment,Carlos,chr2 25239196 TC>T,DNMT3A,TRUE,,0.006,,0.0071,,,0.006,,0.0071,,FALSE,FALSE,FALSE,FALSE,74.5,76.3,,,TRUE,Pre-Post,Pre-Post,Exist,656.999999999999,1.8,21.6,0.000256218135189064,0.0011,0.000611111111111112,5.0925925925926e-05
No Treatment,Carlos,chr2 25247056 G>C,DNMT3A,TRUE,,0.0023,,7e-04,,,0.0023,,7e-04,,FALSE,FALSE,FALSE,FALSE,74.5,76.3,,,TRUE,Pre-Post,Pre-Post,Exist,656.999999999999,1.8,21.6,-0.00181063023877297,-0.0016,-0.00088888888888889,-7.40740740740742e-05
No Treatment,Carlos,chr2 25247704 G>A,DNMT3A,TRUE,,0.0031,,0.0016,,,0.0031,,0.0016,,FALSE,FALSE,FALSE,FALSE,59.7,59.9,,,TRUE,Pre-Post,Pre-Post,Exist,72.9999999999984,0.199999999999996,2.39999999999995,-0.00906025318144355,-0.0015,-0.00750000000000016,-0.000625000000000013
No Treatment,Carlos,chr4 105243615 C>T,TET2,TRUE,,0.0067,,0.0074,,,0.0067,,0.0074,,FALSE,FALSE,FALSE,FALSE,82.1,85.1,,,TRUE,Pre-Post,Pre-Post,Exist,1095,3,36,9.0751117637629e-05,7e-04,0.000233333333333333,1.94444444444444e-05
No Treatment,Carlos,chr4 105234943 C>CA,TET2,TRUE,,0.0067,,0.0075,,,0.0067,,0.0075,,FALSE,FALSE,FALSE,FALSE,82.1,85.1,,,TRUE,Pre-Post,Pre-Post,Exist,1095,3,36,0.000103009583694378,8e-04,0.000266666666666667,2.22222222222222e-05
No Treatment,Carlos,chr17 7674241 G>T,TP53,TRUE,,0.0041,,0.0048,,,0.0041,,0.0048,,FALSE,FALSE,FALSE,FALSE,82.1,85.1,,,TRUE,Pre-Post,Pre-Post,Exist,1095,3,36,0.000143953373701902,0.000699999999999999,0.000233333333333333,1.94444444444444e-05
No Treatment,Carlos,chr2 25234334 A>T,DNMT3A,TRUE,,0.003,,0.0025,,,0.003,,0.0025,,FALSE,FALSE,FALSE,FALSE,82.1,85.1,,,TRUE,Pre-Post,Pre-Post,Exist,1095,3,36,-0.000166503704834662,-5e-04,-0.000166666666666667,-1.38888888888889e-05
No Treatment,Carlos,chr4 105275596 TA>T,TET2,TRUE,,0.0025,,0.0022,,,0.0025,,0.0022,,FALSE,FALSE,FALSE,FALSE,82.1,85.1,,,TRUE,Pre-Post,Pre-Post,Exist,1095,3,36,-0.000116742805031858,-3e-04,-1e-04,-8.33333333333333e-06
No Treatment,Carlos,chr4 105236583 AG>A,TET2,TRUE,,0.0021,,0.0019,,,0.0021,,0.0019,,FALSE,FALSE,FALSE,FALSE,82.1,85.1,,,TRUE,Pre-Post,Pre-Post,Exist,1095,3,36,-9.14004187735e-05,-2e-04,-6.66666666666666e-05,-5.55555555555555e-06
No Treatment,Carlos,chr2 25241612 G>A,DNMT3A,TRUE,,0.0054,,0.005,,,0.0054,,0.005,,FALSE,FALSE,FALSE,FALSE,74.2,75.6,,,TRUE,Pre-Post,Pre-Post,Exist,510.999999999997,1.39999999999999,16.7999999999999,-0.000150608691068745,-4e-04,-0.000285714285714288,-2.3809523809524e-05
No Treatment,Carlos,chr2 25241581 C>T,DNMT3A,TRUE,,0.0048,,0.0047,,,0.0048,,0.0047,,FALSE,FALSE,FALSE,FALSE,74.2,75.6,,,TRUE,Pre-Post,Pre-Post,Exist,510.999999999997,1.39999999999999,16.7999999999999,-4.12004093891045e-05,-9.99999999999994e-05,-7.14285714285714e-05,-5.95238095238095e-06
No Treatment,Carlos,chr2 25245265 G>C,DNMT3A,TRUE,,0.0046,,0.0032,,,0.0046,,0.0032,,FALSE,FALSE,FALSE,FALSE,74.2,75.6,,,TRUE,Pre-Post,Pre-Post,Exist,510.999999999997,1.39999999999999,16.7999999999999,-0.000710186876104443,-0.0014,-0.00100000000000001,-8.33333333333338e-05
No Treatment,Carlos,chr2 25240697 C>T,DNMT3A,TRUE,,0.0036,,0.0038,,,0.0036,,0.0038,,FALSE,FALSE,FALSE,FALSE,74.2,75.6,,,TRUE,Pre-Post,Pre-Post,Exist,510.999999999997,1.39999999999999,16.7999999999999,0.000105806695245159,2e-04,0.000142857142857144,1.1904761904762e-05
No Treatment,Carlos,chr17 60663113 ATGTCCAAGGTG>A,PPM1D,TRUE,,0.0039,,0.0037,,,0.0039,,0.0037,,FALSE,FALSE,FALSE,FALSE,74.2,75.6,,,TRUE,Pre-Post,Pre-Post,Exist,510.999999999997,1.39999999999999,16.7999999999999,-0.00010302100486384,-2e-04,-0.000142857142857143,-1.1904761904762e-05
No Treatment,Carlos,chr4 105236613 C>T,TET2,TRUE,,0.0021,,0.0022,,,0.0021,,0.0022,,FALSE,FALSE,FALSE,FALSE,74.2,75.6,,,TRUE,Pre-Post,Pre-Post,Exist,510.999999999997,1.39999999999999,16.7999999999999,9.1037212592746e-05,1e-04,7.14285714285721e-05,5.952380952381e-06
No Treatment,Carlos,chr4 105235803 AC>A,TET2,TRUE,,0.0122,,0.0124,,,0.0122,,0.0124,,FALSE,FALSE,FALSE,FALSE,61.2,61.4,,,TRUE,Pre-Post,Pre-Post,Exist,72.9999999999984,0.199999999999996,2.39999999999995,0.000222746861257267,0.000199999999999999,0.00100000000000002,8.33333333333346e-05
No Treatment,Carlos,chr4 105243636 T>G,TET2,TRUE,,0.0391,,0.0376,,,0.0391,,0.0376,,FALSE,FALSE,FALSE,FALSE,63.5,63.7,,,TRUE,Pre-Post,Pre-Post,Exist,73.000000000001,0.200000000000003,2.40000000000003,-0.0005358687204859,-0.0015,-0.0074999999999999,-0.000624999999999992
No Treatment,Carlos,chr4 105235778 TG>T,TET2,TRUE,,0.0053,,0.0045,,,0.0053,,0.0045,,FALSE,FALSE,FALSE,FALSE,67.5,67.6,,,TRUE,Pre-Post,Pre-Post,Exist,36.4999999999979,0.0999999999999943,1.19999999999993,-0.00448299791183045,-8e-04,-0.00800000000000046,-0.000666666666666705
No Treatment,Carlos,chr17 7675185 C>T,TP53,TRUE,,0.0049,,0.0063,,,0.0049,,0.0063,,FALSE,FALSE,FALSE,FALSE,67.5,67.6,,,TRUE,Pre-Post,Pre-Post,Exist,36.4999999999979,0.0999999999999943,1.19999999999993,0.006885326802217,0.0014,0.0140000000000008,0.00116666666666673
No Treatment,Carlos,chr17 60663336 T>TA,PPM1D,TRUE,,0.0338,,0.017,,,0.0338,,0.017,,FALSE,FALSE,FALSE,FALSE,65.7,66.9,,,TRUE,Pre-Post,Pre-Post,Exist,438.000000000001,1.2,14.4,-0.0015690581242757,-0.0168,-0.014,-0.00116666666666666
No Treatment,Carlos,chr2 25241675 C>T,DNMT3A,TRUE,,0.0233,,0.0176,,,0.0233,,0.0176,,FALSE,FALSE,FALSE,FALSE,65.7,66.9,,,TRUE,Pre-Post,Pre-Post,Exist,438.000000000001,1.2,14.4,-0.000640535293441891,-0.0057,-0.00474999999999999,-0.000395833333333332
No Treatment,Carlos,chr2 25234307 G>A,DNMT3A,TRUE,,0.0086,,0.0067,,,0.0086,,0.0067,,FALSE,FALSE,FALSE,FALSE,65.7,66.9,,,TRUE,Pre-Post,Pre-Post,Exist,438.000000000001,1.2,14.4,-0.00056998784671813,-0.0019,-0.00158333333333333,-0.000131944444444444
No Treatment,Carlos,chr17 60663448 C>T,PPM1D,TRUE,,0.0022,,0.0016,,,0.0022,,0.0016,,FALSE,FALSE,FALSE,FALSE,65.7,66.9,,,TRUE,Pre-Post,Pre-Post,Exist,438.000000000001,1.2,14.4,-0.000727063313056013,-6e-04,-0.000499999999999999,-4.16666666666666e-05
No Treatment,Carlos,chr17 7675190 C>T,TP53,TRUE,,0.0016,,0.0043,,,0.0016,,0.0043,,FALSE,FALSE,FALSE,FALSE,65.7,66.9,,,TRUE,Pre-Post,Pre-Post,Exist,438.000000000001,1.2,14.4,0.00225710363802233,0.0027,0.00224999999999999,0.0001875
No Treatment,Carlos,chr2 25239209 G>T,DNMT3A,TRUE,,0.2593,,0.2611,,,0.2593,,0.2611,,FALSE,FALSE,FALSE,FALSE,76.7,76.9,,,TRUE,Pre-Post,Pre-Post,Exist,73.000000000001,0.200000000000003,2.40000000000003,9.47641528830751e-05,0.00180000000000002,0.00899999999999999,0.000749999999999999
No Treatment,Carlos,chr4 105269712 A>G,TET2,TRUE,,0.0034,,0.0036,,,0.0034,,0.0036,,FALSE,FALSE,FALSE,FALSE,76.7,76.9,,,TRUE,Pre-Post,Pre-Post,Exist,73.000000000001,0.200000000000003,2.40000000000003,0.000782991970410244,2e-04,0.000999999999999986,8.33333333333322e-05
No Treatment,Carlos,chr17 7675161 G>A,TP53,TRUE,,0.0027,,0.0045,,,0.0027,,0.0045,,FALSE,FALSE,FALSE,FALSE,76.7,76.9,,,TRUE,Pre-Post,Pre-Post,Exist,73.000000000001,0.200000000000003,2.40000000000003,0.00699761128446553,0.0018,0.00899999999999987,0.000749999999999989
No Treatment,Carlos,chr2 25247629 G>A,DNMT3A,TRUE,,0.0017,,0.0021,,,0.0017,,0.0021,,FALSE,FALSE,FALSE,FALSE,76.7,76.9,,,TRUE,Pre-Post,Pre-Post,Exist,73.000000000001,0.200000000000003,2.40000000000003,0.00289464511872882,4e-04,0.00199999999999997,0.000166666666666664
No Treatment,Carlos,chr2 25246660 GC>G,DNMT3A,FALSE,,0.0032,,0.0023,,,0.0032,,0.0023,,FALSE,FALSE,TRUE,FALSE,65.3,67.2,,,TRUE,Pre-Post,Pre-Post,Called,693.500000000002,1.90000000000001,22.8000000000001,-0.00047619565518468,-9e-04,-0.000473684210526315,-3.94736842105262e-05
No Treatment,Carlos,chr2 25246046 AC>A,DNMT3A,TRUE,,0.002,,0.0041,,,0.002,,0.0041,,FALSE,FALSE,FALSE,FALSE,65.3,67.2,,,TRUE,Pre-Post,Pre-Post,Exist,693.500000000002,1.90000000000001,22.8000000000001,0.00103509703410283,0.0021,0.00110526315789473,9.21052631578945e-05
No Treatment,Carlos,chr2 25247687 C>A,DNMT3A,TRUE,,0.0016,,0.0031,,,0.0016,,0.0031,,FALSE,FALSE,FALSE,FALSE,65.3,67.2,,,TRUE,Pre-Post,Pre-Post,Exist,693.500000000002,1.90000000000001,22.8000000000001,0.000953710861204561,0.0015,0.000789473684210524,6.57894736842103e-05
No Treatment,Carlos,chr4 105275537 ATACACTT>A,TET2,TRUE,,0.0175,,0.0136,,,0.0175,,0.0136,,FALSE,FALSE,FALSE,FALSE,59.9,60.1,,,TRUE,Pre-Post,Pre-Post,Exist,73.000000000001,0.200000000000003,2.40000000000003,-0.00345385052311587,-0.0039,-0.0194999999999997,-0.00162499999999998
No Treatment,Carlos,chr2 25244320 A>T,DNMT3A,TRUE,,0.0105,,0.0083,,,0.0105,,0.0083,,FALSE,FALSE,FALSE,FALSE,59.9,60.1,,,TRUE,Pre-Post,Pre-Post,Exist,73.000000000001,0.200000000000003,2.40000000000003,-0.00322081838850578,-0.0022,-0.0109999999999998,-0.000916666666666654
No Treatment,Carlos,chr2 25240313 G>A,DNMT3A,TRUE,,0.002,,0.0029,,,0.002,,0.0029,,FALSE,FALSE,FALSE,FALSE,59.9,60.1,,,TRUE,Pre-Post,Pre-Post,Exist,73.000000000001,0.200000000000003,2.40000000000003,0.00508991173195175,9e-04,0.00449999999999993,0.000374999999999995
No Treatment,Carlos,chr2 25240375 G>C,DNMT3A,TRUE,,0.0082,,0.0047,,,0.0082,,0.0047,,FALSE,FALSE,FALSE,FALSE,66.9,68.6,,,TRUE,Pre-Post,Pre-Post,Exist,620.499999999996,1.69999999999999,20.3999999999999,-0.000896972837315388,-0.0035,-0.00205882352941178,-0.000171568627450982
No Treatment,Carlos,chr4 105275426 TG>T,TET2,TRUE,,0.0035,,0.0023,,,0.0035,,0.0023,,FALSE,FALSE,FALSE,FALSE,66.9,68.6,,,TRUE,Pre-Post,Pre-Post,Exist,620.499999999996,1.69999999999999,20.3999999999999,-0.000676637946108407,-0.0012,-0.000705882352941181,-5.88235294117651e-05
No Treatment,Carlos,chr2 25240378 C>G,DNMT3A,TRUE,,0.0144,,0.0149,,,0.0144,,0.0149,,FALSE,FALSE,FALSE,FALSE,68.3,68.9,,,TRUE,Pre-Post,Pre-Post,Exist,219.000000000003,0.600000000000009,7.2000000000001,0.000155858476572868,5e-04,0.000833333333333322,6.94444444444435e-05
No Treatment,Carlos,chr2 25240439 G>A,DNMT3A,TRUE,,0.0026,,0.0018,,,0.0026,,0.0018,,FALSE,FALSE,FALSE,FALSE,68.3,68.9,,,TRUE,Pre-Post,Pre-Post,Exist,219.000000000003,0.600000000000009,7.2000000000001,-0.00167910858504709,-8e-04,-0.00133333333333331,-0.00011111111111111
No Treatment,Carlos,chr17 60663475 C>T,PPM1D,TRUE,,0.0024,,0.0022,,,0.0024,,0.0022,,FALSE,FALSE,FALSE,FALSE,67.7,68,,,TRUE,Pre-Post,Pre-Post,Exist,109.499999999999,0.299999999999997,3.59999999999997,-0.000794624447393885,-2e-04,-0.000666666666666672,-5.5555555555556e-05
No Treatment,Carlos,chr20 32433447 C>T,ASXL1,TRUE,,0.0023,,0.0021,,,0.0023,,0.0021,,FALSE,FALSE,FALSE,FALSE,67.7,68,,,TRUE,Pre-Post,Pre-Post,Exist,109.499999999999,0.299999999999997,3.59999999999997,-0.000830792495029476,-2e-04,-0.000666666666666673,-5.55555555555561e-05
No Treatment,Carlos,chr2 25240420 T>G,DNMT3A,TRUE,,9e-04,,0.0019,,,9e-04,,0.0019,,FALSE,FALSE,FALSE,FALSE,67.7,68,,,TRUE,Pre-Post,Pre-Post,Exist,109.499999999999,0.299999999999997,3.59999999999997,0.00682387581580117,0.001,0.00333333333333336,0.00027777777777778
No Treatment,Carlos,chr4 105235318 C>CT,TET2,FALSE,,0.000201783768513661,,0.00597907324364723,,,0.000201783768513661,,0.00597907324364723,,TRUE,FALSE,FALSE,FALSE,76.3,78.4,,,TRUE,Pre-Post,Pre-Post,Rescued,766.500000000003,2.10000000000001,25.2000000000001,0.00442116658552027,0.00577728947513357,0.00275109022625407,0.000229257518854506
No Treatment,Carlos,chr2 25239151 C>A,DNMT3A,TRUE,,0.0066,,0.0053,,,0.0066,,0.0053,,FALSE,FALSE,FALSE,FALSE,67.3,68.8,,,TRUE,Pre-Post,Pre-Post,Exist,547.5,1.5,18,-0.000400662700409687,-0.0013,-0.000866666666666667,-7.22222222222222e-05
No Treatment,Carlos,chr4 105272692 G>GA,TET2,TRUE,,0.4131,,0.441,,,0.4131,,0.441,,FALSE,FALSE,FALSE,FALSE,78.7,79.3,,,TRUE,Pre-Post,Pre-Post,Exist,218.999999999998,0.599999999999994,7.19999999999993,0.000298425484219761,0.0279,0.0465000000000004,0.00387500000000003
No Treatment,Carlos,chr17 60663077 AT>A,PPM1D,TRUE,,0.1895,,0.1888,,,0.1895,,0.1888,,FALSE,FALSE,FALSE,FALSE,78.7,79.3,,,TRUE,Pre-Post,Pre-Post,Exist,218.999999999998,0.599999999999994,7.19999999999993,-1.68984968542501e-05,-0.000700000000000006,-0.00116666666666669,-9.7222222222224e-05
No Treatment,Carlos,chr17 7676040 C>G,TP53,TRUE,,0.038,,0.0487,,,0.038,,0.0487,,FALSE,FALSE,FALSE,FALSE,78.7,79.3,,,TRUE,Pre-Post,Pre-Post,Exist,218.999999999998,0.599999999999994,7.19999999999993,0.00113284415690484,0.0107,0.0178333333333335,0.00148611111111113
No Treatment,Carlos,chr17 60663075 GA>G,PPM1D,TRUE,,0.0035,,0.0038,,,0.0035,,0.0038,,FALSE,FALSE,FALSE,FALSE,78.7,79.3,,,TRUE,Pre-Post,Pre-Post,Exist,218.999999999998,0.599999999999994,7.19999999999993,0.000375516430305812,3e-04,0.000500000000000005,4.16666666666671e-05
No Treatment,Carlos,chr17 7674220 C>T,TP53,TRUE,,0.0033,,0.0038,,,0.0033,,0.0038,,FALSE,FALSE,FALSE,FALSE,78.7,79.3,,,TRUE,Pre-Post,Pre-Post,Exist,218.999999999998,0.599999999999994,7.19999999999993,0.000644194512602315,5e-04,0.000833333333333341,6.94444444444451e-05
No Treatment,Carlos,chr17 7673776 G>A,TP53,TRUE,,0.0032,,0.0034,,,0.0032,,0.0034,,FALSE,FALSE,FALSE,FALSE,78.7,79.3,,,TRUE,Pre-Post,Pre-Post,Exist,218.999999999998,0.599999999999994,7.19999999999993,0.000276824757152673,2e-04,0.000333333333333336,2.7777777777778e-05
No Treatment,Carlos,chr2 25247055 A>T,DNMT3A,TRUE,,0.0748,,0.0614,,,0.0748,,0.0614,,FALSE,FALSE,FALSE,FALSE,69.2,72,,,TRUE,Pre-Post,Pre-Post,Exist,1022,2.8,33.6,-0.000193158561474888,-0.0134,-0.00478571428571429,-0.000398809523809524
No Treatment,Carlos,chr2 25240417 C>T,DNMT3A,TRUE,,0.006,,0.0054,,,0.006,,0.0054,,FALSE,FALSE,FALSE,FALSE,69.2,72,,,TRUE,Pre-Post,Pre-Post,Exist,1022,2.8,33.6,-0.000103092481074194,-6e-04,-0.000214285714285714,-1.78571428571429e-05
No Treatment,Carlos,chr2 25239158 AG>A,DNMT3A,FALSE,,0.0024,,0.0023,,,0.0024,,0.0023,,FALSE,FALSE,TRUE,FALSE,69.2,72,,,TRUE,Pre-Post,Pre-Post,Called,1022,2.8,33.6,-4.16434583354168e-05,-9.99999999999998e-05,-3.57142857142857e-05,-2.97619047619047e-06
No Treatment,Carlos,chr2 25241618 G>A,DNMT3A,FALSE,,0.0023,,0.004,,,0.0023,,0.004,,FALSE,FALSE,TRUE,FALSE,69.2,72,,,TRUE,Pre-Post,Pre-Post,Called,1022,2.8,33.6,0.000541472835797248,0.0017,0.000607142857142858,5.05952380952382e-05
No Treatment,Carlos,chr4 105235889 AC>A,TET2,TRUE,,0.0022,,0.0011,,,0.0022,,0.0011,,FALSE,FALSE,FALSE,FALSE,72.2,73.8,,,TRUE,Pre-Post,Pre-Post,Exist,583.999999999998,1.59999999999999,19.1999999999999,-0.0011868958571232,-0.0011,-0.000687500000000003,-5.72916666666669e-05
No Treatment,Carlos,chr2 25246755 TC>T,DNMT3A,TRUE,,0.0029,,0.0017,,,0.0029,,0.0017,,FALSE,FALSE,FALSE,FALSE,62.7,62.9,,,TRUE,Pre-Post,Pre-Post,Exist,72.9999999999984,0.199999999999996,2.39999999999995,-0.00731619843740095,-0.0012,-0.00600000000000013,-0.000500000000000011
No Treatment,Carlos,chr4 105269686 G>A,TET2,TRUE,,0.0031,,0.0036,,,0.0031,,0.0036,,FALSE,FALSE,FALSE,FALSE,64.7,65.7,,,TRUE,Pre-Post,Pre-Post,Exist,365,1,12,0.000409675983482093,5e-04,5e-04,4.16666666666667e-05
No Treatment,Carlos,chr17 7673781 C>G,TP53,TRUE,,0.0034,,0.0049,,,0.0034,,0.0049,,FALSE,FALSE,FALSE,FALSE,75.5,77,,,TRUE,Pre-Post,Pre-Post,Exist,547.5,1.5,18,0.000667506435606329,0.0015,0.001,8.33333333333333e-05
No Treatment,Carlos,chr2 25240420 T>C,DNMT3A,TRUE,,0.0024,,0.002,,,0.0024,,0.002,,FALSE,FALSE,FALSE,FALSE,75.5,77,,,TRUE,Pre-Post,Pre-Post,Exist,547.5,1.5,18,-0.000333007409669323,-4e-04,-0.000266666666666667,-2.22222222222222e-05
No Treatment,Carlos,chr2 197402635 C>A,SF3B1,TRUE,,0.0125,,0.0057,,,0.0125,,0.0057,,FALSE,FALSE,FALSE,FALSE,74.5,76.3,,,TRUE,Pre-Post,Pre-Post,Exist,656.999999999999,1.8,21.6,-0.00119522445885503,-0.0068,-0.00377777777777778,-0.000314814814814815
No Treatment,Carlos,chr2 25234412 C>T,DNMT3A,TRUE,,0.0013,,0.0021,,,0.0013,,0.0021,,FALSE,FALSE,FALSE,FALSE,74.5,76.3,,,TRUE,Pre-Post,Pre-Post,Exist,656.999999999999,1.8,21.6,0.000729943805573648,8e-04,0.000444444444444445,3.70370370370371e-05
No Treatment,Carlos,chr4 105272657 G>A,TET2,TRUE,,0.0123,,0.0097,,,0.0123,,0.0097,,FALSE,FALSE,FALSE,FALSE,68.2,69.4,,,TRUE,Pre-Post,Pre-Post,Exist,438.000000000001,1.2,14.4,-0.000542176659518343,-0.0026,-0.00216666666666666,-0.000180555555555555
No Treatment,Carlos,chr2 197402645 G>A,SF3B1,TRUE,,0.0157,,0.0161,,,0.0157,,0.0161,,FALSE,FALSE,FALSE,FALSE,79.5,79.7,,,TRUE,Pre-Post,Pre-Post,Exist,73.000000000001,0.200000000000003,2.40000000000003,0.000344637803234994,0.000400000000000001,0.00199999999999998,0.000166666666666665
No Treatment,Carlos,chr4 105276091 G>A,TET2,TRUE,,0.0089,,0.0103,,,0.0089,,0.0103,,FALSE,FALSE,FALSE,FALSE,79.5,79.7,,,TRUE,Pre-Post,Pre-Post,Exist,73.000000000001,0.200000000000003,2.40000000000003,0.00200126874654101,0.0014,0.0069999999999999,0.000583333333333325
No Treatment,Carlos,chr4 105235182 C>T,TET2,TRUE,,0.0064,,0.0061,,,0.0064,,0.0061,,FALSE,FALSE,FALSE,FALSE,79.5,79.7,,,TRUE,Pre-Post,Pre-Post,Exist,73.000000000001,0.200000000000003,2.40000000000003,-0.000657660536799451,-3e-04,-0.00149999999999998,-0.000124999999999998
No Treatment,Carlos,chr20 32434599 TCACCACTGCCATAGAGAGGCGGC>T,ASXL1,TRUE,,0.0053,,0.0057,,,0.0053,,0.0057,,FALSE,FALSE,FALSE,FALSE,79.5,79.7,,,TRUE,Pre-Post,Pre-Post,Exist,73.000000000001,0.200000000000003,2.40000000000003,0.000996703483320922,4e-04,0.00199999999999997,0.000166666666666664
No Treatment,Carlos,chr4 105269670 T>C,TET2,FALSE,,0.0024,,0.0016,,,0.0024,,0.0016,,FALSE,FALSE,TRUE,FALSE,79.5,79.7,,,TRUE,Pre-Post,Pre-Post,Called,73.000000000001,0.200000000000003,2.40000000000003,-0.00555431654942683,-8e-04,-0.00399999999999994,-0.000333333333333329
No Treatment,Carlos,chr2 25247606 G>GTC,DNMT3A,FALSE,,0.0021,,0.0049,,,0.0021,,0.0049,,FALSE,FALSE,TRUE,FALSE,79.5,79.7,,,TRUE,Pre-Post,Pre-Post,Called,73.000000000001,0.200000000000003,2.40000000000003,0.011606820005304,0.0028,0.0139999999999998,0.00116666666666665
No Treatment,Carlos,chr2 25239149 T>C,DNMT3A,TRUE,,0.0244,,0.0197,,,0.0244,,0.0197,,FALSE,FALSE,FALSE,FALSE,68.4,69.7,,,TRUE,Pre-Post,Pre-Post,Exist,474.499999999999,1.3,15.6,-0.000450926230885593,-0.0047,-0.00361538461538463,-0.000301282051282052
No Treatment,Carlos,chr22 28734664 G>A,CHEK2,TRUE,,0.0034,,0.0032,,,0.0034,,0.0032,,FALSE,FALSE,FALSE,FALSE,68.4,69.7,,,TRUE,Pre-Post,Pre-Post,Exist,474.499999999999,1.3,15.6,-0.000127765272532002,-2e-04,-0.000153846153846154,-1.28205128205128e-05
No Treatment,Carlos,chr4 105235862 AG>A,TET2,TRUE,,0.0036,,0.0051,,,0.0036,,0.0051,,FALSE,FALSE,FALSE,FALSE,68.4,69.7,,,TRUE,Pre-Post,Pre-Post,Exist,474.499999999999,1.3,15.6,0.000734049935233333,0.0015,0.00115384615384616,9.61538461538464e-05
No Treatment,Carlos,chr2 25246659 A>G,DNMT3A,FALSE,,0.0024,,0.0032,,,0.0024,,0.0032,,FALSE,FALSE,TRUE,FALSE,68.4,69.7,,,TRUE,Pre-Post,Pre-Post,Called,474.499999999999,1.3,15.6,0.000606284662701331,8e-04,0.000615384615384617,5.12820512820514e-05
No Treatment,Carlos,chr4 105275460 TC>T,TET2,TRUE,,0.0024,,0.0022,,,0.0024,,0.0022,,FALSE,FALSE,FALSE,FALSE,58.3,58.55,,,TRUE,Pre-Post,Pre-Post,Exist,90,0.246575342465753,2.95890410958904,-0.000966793077662551,-2e-04,-0.00081111111111111,-6.75925925925925e-05
No Treatment,Carlos,chr4 105237253 T>TTATAGAGTCACCTTCCA,TET2,FALSE,,0.0042,,1.55821490900025e-05,,,0.0042,,1.55821490900025e-05,,FALSE,TRUE,FALSE,FALSE,29.9,55,,,TRUE,Pre Only,Pre-Post,Missing,9161.5,25.1,301.2,-0.000610894922700106,-0.00418441785091,-0.000166709874538247,-1.38924895448539e-05
No Treatment,Carlos,chr4 105242911 G>A,TET2,TRUE,,0.2367,,0.2656,,,0.2367,,0.2656,,FALSE,FALSE,FALSE,FALSE,80.1,82.2,,,TRUE,Pre-Post,Pre-Post,Exist,766.500000000003,2.10000000000001,25.2000000000001,0.000150290803760392,0.0289,0.0137619047619047,0.00114682539682539
No Treatment,Carlos,chr20 32435281 CT>C,ASXL1,TRUE,,0.0259,,0.0454,,,0.0259,,0.0454,,FALSE,FALSE,FALSE,FALSE,80.1,82.2,,,TRUE,Pre-Post,Pre-Post,Exist,766.500000000003,2.10000000000001,25.2000000000001,0.000732249362481159,0.0195,0.00928571428571425,0.000773809523809521
No Treatment,Carlos,chr20 32435284 C>T,ASXL1,TRUE,,0.0059,,0.011,,,0.0059,,0.011,,FALSE,FALSE,FALSE,FALSE,80.1,82.2,,,TRUE,Pre-Post,Pre-Post,Exist,766.500000000003,2.10000000000001,25.2000000000001,0.000812710922226607,0.0051,0.00242857142857142,0.000202380952380952
No Treatment,Carlos,chr2 197402110 T>C,SF3B1,TRUE,,0.0037,,0.0031,,,0.0037,,0.0031,,FALSE,FALSE,FALSE,FALSE,80.1,82.2,,,TRUE,Pre-Post,Pre-Post,Exist,766.500000000003,2.10000000000001,25.2000000000001,-0.000230829364852026,-6e-04,-0.000285714285714285,-2.38095238095237e-05
No Treatment,Carlos,chr17 7673802 C>T,TP53,TRUE,,0.0034,,0.0034,,,0.0034,,0.0034,,FALSE,FALSE,FALSE,FALSE,80.1,82.2,,,TRUE,Pre-Post,Pre-Post,Exist,766.500000000003,2.10000000000001,25.2000000000001,0,0,0,0
No Treatment,Carlos,chr20 32434599 TCACCACTGCCATAGAGAGGCGGC>T,ASXL1,TRUE,,0.0025,,0.0033,,,0.0025,,0.0033,,FALSE,FALSE,FALSE,FALSE,80.1,82.2,,,TRUE,Pre-Post,Pre-Post,Exist,766.500000000003,2.10000000000001,25.2000000000001,0.00036220709275705,8e-04,0.000380952380952379,3.17460317460316e-05
No Treatment,Carlos,chr20 32434902 C>A,ASXL1,TRUE,,0.0023,,0.002,,,0.0023,,0.002,,FALSE,FALSE,FALSE,FALSE,80.1,82.2,,,TRUE,Pre-Post,Pre-Post,Exist,766.500000000003,2.10000000000001,25.2000000000001,-0.000182337824364198,-3e-04,-0.000142857142857142,-1.19047619047619e-05
No Treatment,Carlos,chr2 25234373 C>T,DNMT3A,TRUE,,0.0225,,0.0226,,,0.0225,,0.0226,,FALSE,FALSE,FALSE,FALSE,71.6,73.2,,,TRUE,Pre-Post,Pre-Post,Exist,584.000000000003,1.60000000000001,19.2000000000001,7.59348812990711e-06,9.99999999999994e-05,6.24999999999993e-05,5.20833333333327e-06
No Treatment,Carlos,chr17 60663262 CA>C,PPM1D,FALSE,,3.1057829678862e-05,,0.0054,,,3.1057829678862e-05,,0.0054,,FALSE,FALSE,FALSE,TRUE,71.6,73.2,,,TRUE,Post Only,Pre-Post,At Limit,584.000000000003,1.60000000000001,19.2000000000001,0.00883271111710669,0.00536894217032114,0.00335558885645069,0.000279632404704225
No Treatment,Carlos,chr2 25234289 G>A,DNMT3A,FALSE,,0.0027,,0.0017,,,0.0027,,0.0017,,FALSE,FALSE,TRUE,FALSE,39.8,40.05,,,TRUE,Pre-Post,Pre-Post,Called,90,0.246575342465753,2.95890410958904,-0.00514026135497904,-0.001,-0.00405555555555556,-0.000337962962962963
No Treatment,Carlos,chr2 25235823 GAACTAGATGAAGAGGAGA>G,DNMT3A,TRUE,,0.0239,,0.0186,,,0.0239,,0.0186,,FALSE,FALSE,FALSE,FALSE,77.7,79.9,,,TRUE,Pre-Post,Pre-Post,Exist,803.000000000001,2.2,26.4,-0.00031222525307386,-0.0053,-0.00240909090909091,-0.000200757575757576
No Treatment,Carlos,chr2 25239137 T>C,DNMT3A,TRUE,,0.003,,0.0036,,,0.003,,0.0036,,FALSE,FALSE,FALSE,FALSE,77.7,79.9,,,TRUE,Pre-Post,Pre-Post,Exist,803.000000000001,2.2,26.4,0.00022705050659272,6e-04,0.000272727272727272,2.27272727272727e-05
No Treatment,Carlos,chr2 25240699 A>G,DNMT3A,TRUE,,0.0029,,0.0022,,,0.0029,,0.0022,,FALSE,FALSE,FALSE,FALSE,77.7,79.9,,,TRUE,Pre-Post,Pre-Post,Exist,803.000000000001,2.2,26.4,-0.00034402662095661,-7e-04,-0.000318181818181818,-2.65151515151515e-05
No Treatment,Carlos,chr2 25239148 T>C,DNMT3A,TRUE,,0.0027,,0.0025,,,0.0027,,0.0025,,FALSE,FALSE,FALSE,FALSE,61.6,62.3,,,TRUE,Pre-Post,Pre-Post,Exist,255.499999999998,0.699999999999996,8.39999999999995,-0.00030121738213749,-2e-04,-0.000285714285714288,-2.3809523809524e-05
No Treatment,Carlos,chr17 7675082 G>T,TP53,TRUE,,0.0042,,0.0059,,,0.0042,,0.0059,,FALSE,FALSE,FALSE,FALSE,34.1,34.35,,,TRUE,Pre-Post,Pre-Post,Exist,90,0.246575342465753,2.95890410958904,0.00377630917358168,0.0017,0.00689444444444445,0.000574537037037037
No Treatment,Carlos,chr17 60663262 CA>C,PPM1D,FALSE,,0.0038,,0.0053,,,0.0038,,0.0053,,FALSE,FALSE,TRUE,FALSE,34.1,34.35,,,TRUE,Pre-Post,Pre-Post,Called,90,0.246575342465753,2.95890410958904,0.00369673059806374,0.0015,0.00608333333333333,0.000506944444444445
No Treatment,Carlos,chr2 25247052 T>G,DNMT3A,TRUE,,0.0085,,0.0116,,,0.0085,,0.0116,,FALSE,FALSE,FALSE,FALSE,73.8,75.6,,,TRUE,Pre-Post,Pre-Post,Exist,656.999999999999,1.8,21.6,0.000473270828943757,0.0031,0.00172222222222222,0.000143518518518519
No Treatment,Carlos,chr2 25240713 TG>T,DNMT3A,TRUE,,0.0088,,0.0131,,,0.0088,,0.0131,,FALSE,FALSE,FALSE,FALSE,74.9,75.5,,,TRUE,Pre-Post,Pre-Post,Exist,218.999999999998,0.599999999999994,7.19999999999993,0.00181671465170296,0.0043,0.00716666666666673,0.000597222222222228
No Treatment,Carlos,chr4 105275364 C>A,TET2,TRUE,,0.0086,,0.0111,,,0.0086,,0.0111,,FALSE,FALSE,FALSE,FALSE,74.9,75.5,,,TRUE,Pre-Post,Pre-Post,Exist,218.999999999998,0.599999999999994,7.19999999999993,0.00116521874456086,0.0025,0.00416666666666671,0.000347222222222226
No Treatment,Carlos,chr2 25246623 C>A,DNMT3A,TRUE,,0.0048,,0.009,,,0.0048,,0.009,,FALSE,FALSE,FALSE,FALSE,67.6,69.4,,,TRUE,Pre-Post,Pre-Post,Exist,657.000000000004,1.80000000000001,21.6000000000001,0.000956786391814871,0.0042,0.00233333333333332,0.000194444444444443
No Treatment,Carlos,chr2 25234355 A>G,DNMT3A,TRUE,,0.0076,,0.009,,,0.0076,,0.009,,FALSE,FALSE,FALSE,FALSE,64,64.25,,,TRUE,Pre-Post,Pre-Post,Exist,90,0.246575342465753,2.95890410958904,0.00187862588937704,0.0014,0.00567777777777778,0.000473148148148148
No Treatment,Carlos,chr4 105269686 G>A,TET2,TRUE,,0.0055,,0.0071,,,0.0055,,0.0071,,FALSE,FALSE,FALSE,FALSE,64,64.25,,,TRUE,Pre-Post,Pre-Post,Exist,90,0.246575342465753,2.95890410958904,0.00283718546454272,0.0016,0.00648888888888889,0.000540740740740741
No Treatment,Carlos,chr4 105275771 GTGAACATCATTCACCTTCTCACATAATCCATAACTACAGTGCAGCTC>CA,TET2,TRUE,,0.0025,,0.0015,,,0.0025,,0.0015,,FALSE,FALSE,FALSE,FALSE,64,64.25,,,TRUE,Pre-Post,Pre-Post,Exist,90,0.246575342465753,2.95890410958904,-0.00567584026406656,-0.001,-0.00405555555555556,-0.000337962962962963
No Treatment,Carlos,chr20 32434638 A>AG,ASXL1,TRUE,,0.1739,,0.1042,,,0.1739,,0.1042,,FALSE,FALSE,FALSE,FALSE,81.6,81.9,,,TRUE,Pre-Post,Pre-Post,Exist,109.500000000004,0.300000000000011,3.60000000000014,-0.00467733600037399,-0.0697,-0.232333333333325,-0.0193611111111104
No Treatment,Carlos,chr17 60663157 G>T,PPM1D,TRUE,,0.0685,,0.0565,,,0.0685,,0.0565,,FALSE,FALSE,FALSE,FALSE,81.6,81.9,,,TRUE,Pre-Post,Pre-Post,Exist,109.500000000004,0.300000000000011,3.60000000000014,-0.00175884116087468,-0.012,-0.0399999999999985,-0.00333333333333321
No Treatment,Carlos,chr4 105235862 AG>A,TET2,TRUE,,0.0384,,0.0332,,,0.0384,,0.0332,,FALSE,FALSE,FALSE,FALSE,81.6,81.9,,,TRUE,Pre-Post,Pre-Post,Exist,109.500000000004,0.300000000000011,3.60000000000014,-0.0013288363805592,-0.0052,-0.0173333333333327,-0.00144444444444439
No Treatment,Carlos,chr4 105236055 C>T,TET2,TRUE,,0.0326,,0.0223,,,0.0326,,0.0223,,FALSE,FALSE,FALSE,FALSE,81.6,81.9,,,TRUE,Pre-Post,Pre-Post,Exist,109.500000000004,0.300000000000011,3.60000000000014,-0.00346781378910114,-0.0103,-0.034333333333332,-0.002861111111111
No Treatment,Carlos,chr20 32434638 A>AGG,ASXL1,TRUE,,0.009489,,0.006813,,,0.009489,,0.006813,,FALSE,FALSE,FALSE,FALSE,81.6,81.9,,,TRUE,Pre-Post,Pre-Post,Exist,109.500000000004,0.300000000000011,3.60000000000014,-0.00302557699726098,-0.002676,-0.00891999999999966,-0.000743333333333305
No Treatment,Carlos,chr4 105236210 AC>A,TET2,TRUE,,0.0028,,0.002,,,0.0028,,0.002,,FALSE,FALSE,FALSE,FALSE,81.6,81.9,,,TRUE,Pre-Post,Pre-Post,Exist,109.500000000004,0.300000000000011,3.60000000000014,-0.00307280581389224,-8e-04,-0.00266666666666657,-0.000222222222222214
No Treatment,Carlos,chr2 25247695 A>G,DNMT3A,FALSE,,2.21004243281471e-05,,0.0021,,,2.21004243281471e-05,,0.0021,,FALSE,FALSE,FALSE,TRUE,81.6,81.9,,,TRUE,Post Only,Pre-Post,At Limit,109.500000000004,0.300000000000011,3.60000000000014,0.0415899161187517,0.00207789957567185,0.00692633191890591,0.000577194326575493
No Treatment,Carlos,chr2 25245300 TAA>T,DNMT3A,TRUE,,0.0155,,0.0126,,,0.0155,,0.0126,,FALSE,FALSE,FALSE,FALSE,73,73.6,,,TRUE,Pre-Post,Pre-Post,Exist,218.999999999998,0.599999999999994,7.19999999999993,-0.000945859406245528,-0.0029,-0.00483333333333338,-0.000402777777777782
No Treatment,Carlos,chr2 25241660 C>A,DNMT3A,TRUE,,0.0026,,0.0019,,,0.0026,,0.0019,,FALSE,FALSE,FALSE,FALSE,73,73.6,,,TRUE,Pre-Post,Pre-Post,Exist,218.999999999998,0.599999999999994,7.19999999999993,-0.00143222629614176,-7e-04,-0.00116666666666668,-9.72222222222231e-05
No Treatment,Carlos,chr2 25234380 T>C,DNMT3A,TRUE,,0.0021,,0.0017,,,0.0021,,0.0017,,FALSE,FALSE,FALSE,FALSE,73,73.6,,,TRUE,Pre-Post,Pre-Post,Exist,218.999999999998,0.599999999999994,7.19999999999993,-0.000964881706242963,-4e-04,-0.000666666666666673,-5.55555555555561e-05
No Treatment,Carlos,chr2 197402110 T>C,SF3B1,TRUE,,0.1332,,0.1919,,,0.1332,,0.1919,,FALSE,FALSE,FALSE,FALSE,70.1,71.5,,,TRUE,Pre-Post,Pre-Post,Exist,511.000000000002,1.40000000000001,16.8000000000001,0.000714525723889166,0.0587,0.0419285714285712,0.0034940476190476
No Treatment,Carlos,chr4 105235737 CA>C,TET2,TRUE,,0.0248,,0.0464,,,0.0248,,0.0464,,FALSE,FALSE,FALSE,FALSE,70.1,71.5,,,TRUE,Pre-Post,Pre-Post,Exist,511.000000000002,1.40000000000001,16.8000000000001,0.00122594091205728,0.0216,0.0154285714285714,0.00128571428571428
No Treatment,Carlos,chr9 5073770 G>T,JAK2,TRUE,,0.0199,,0.06,,,0.0199,,0.06,,FALSE,FALSE,FALSE,FALSE,70.1,71.5,,,TRUE,Pre-Post,Pre-Post,Exist,511.000000000002,1.40000000000001,16.8000000000001,0.00215973548041419,0.0401,0.028642857142857,0.00238690476190475
No Treatment,Carlos,chr2 25248147 G>A,DNMT3A,TRUE,,0.0154,,0.0186,,,0.0154,,0.0186,,FALSE,FALSE,FALSE,FALSE,73.5,75.8,,,TRUE,Pre-Post,Pre-Post,Exist,839.499999999999,2.3,27.6,0.000224888709112057,0.0032,0.00139130434782609,0.000115942028985507
No Treatment,Carlos,chr17 60663324 TC>T,PPM1D,TRUE,,0.006,,0.0091,,,0.006,,0.0091,,FALSE,FALSE,FALSE,FALSE,73.5,75.8,,,TRUE,Pre-Post,Pre-Post,Exist,839.499999999999,2.3,27.6,0.000496146449427933,0.0031,0.00134782608695652,0.00011231884057971
No Treatment,Carlos,chr2 25240420 T>C,DNMT3A,TRUE,,0.0048,,0.006,,,0.0048,,0.006,,FALSE,FALSE,FALSE,FALSE,73.5,75.8,,,TRUE,Pre-Post,Pre-Post,Exist,839.499999999999,2.3,27.6,0.000265805302339738,0.0012,0.000521739130434784,4.34782608695653e-05
No Treatment,Carlos,chr2 25247625 C>T,DNMT3A,TRUE,,0.0024,,0.0026,,,0.0024,,0.0026,,FALSE,FALSE,FALSE,FALSE,65,67.5,,,TRUE,Pre-Post,Pre-Post,Exist,912.5,2.5,30,8.77180358066154e-05,2e-04,8e-05,6.66666666666667e-06
No Treatment,Carlos,chr4 105243622 G>A,TET2,TRUE,,0.0056,,0.0101,,,0.0056,,0.0101,,FALSE,FALSE,FALSE,FALSE,69.9,71.7,,,TRUE,Pre-Post,Pre-Post,Exist,656.999999999999,1.8,21.6,0.000897669446128023,0.0045,0.0025,0.000208333333333334
No Treatment,Carlos,chr2 25240408 T>G,DNMT3A,TRUE,,0.0035,,0.0031,,,0.0035,,0.0031,,FALSE,FALSE,FALSE,FALSE,69.9,71.7,,,TRUE,Pre-Post,Pre-Post,Exist,656.999999999999,1.8,21.6,-0.000184719721467683,-4e-04,-0.000222222222222223,-1.85185185185186e-05
No Treatment,Carlos,chr2 25240313 G>A,DNMT3A,TRUE,,0.0022,,0.0039,,,0.0022,,0.0039,,FALSE,FALSE,FALSE,FALSE,69.9,71.7,,,TRUE,Pre-Post,Pre-Post,Exist,656.999999999999,1.8,21.6,0.000871414296455603,0.0017,0.000944444444444446,7.87037037037038e-05
No Treatment,Carlos,chr4 105269692 A>G,TET2,FALSE,,8e-04,,0.0022,,,8e-04,,0.0022,,FALSE,FALSE,TRUE,FALSE,69.9,71.7,,,TRUE,Pre-Post,Pre-Post,Called,656.999999999999,1.8,21.6,0.00153972741503574,0.0014,0.000777777777777779,6.48148148148149e-05
No Treatment,Carlos,chr2 25240678 TC>T,DNMT3A,TRUE,,0.0078,,0.0106,,,0.0078,,0.0106,,FALSE,FALSE,FALSE,FALSE,53.8,53.9,,,TRUE,Pre-Post,Pre-Post,Exist,36.5000000000005,0.100000000000001,1.20000000000002,0.00840356897047866,0.0028,0.0279999999999996,0.0023333333333333
No Treatment,Carlos,chr2 25246763 C>T,DNMT3A,TRUE,,0.0028,,0.0025,,,0.0028,,0.0025,,FALSE,FALSE,FALSE,FALSE,66.3,68.3,,,TRUE,Pre-Post,Pre-Post,Exist,730,2,24,-0.000155244774393155,-3e-04,-0.00015,-1.25e-05
No Treatment,Carlos,chr4 105272859 AG>A,TET2,TRUE,,0.0528,,0.0392,,,0.0528,,0.0392,,FALSE,FALSE,FALSE,FALSE,63.5,63.7,,,TRUE,Pre-Post,Pre-Post,Exist,73.000000000001,0.200000000000003,2.40000000000003,-0.00407992388925746,-0.0136,-0.067999999999999,-0.00566666666666659
No Treatment,Carlos,chr4 105272855 GA>G,TET2,TRUE,,0.0044,,0.0037,,,0.0044,,0.0037,,FALSE,FALSE,FALSE,FALSE,63.5,63.7,,,TRUE,Pre-Post,Pre-Post,Exist,73.000000000001,0.200000000000003,2.40000000000003,-0.00237358522293198,-7e-04,-0.00349999999999995,-0.000291666666666663
No Treatment,Carlos,chr22 28725254 G>A,CHEK2,TRUE,,0.0058,,0.0085,,,0.0058,,0.0085,,FALSE,FALSE,FALSE,FALSE,53.7,53.8,,,TRUE,Pre-Post,Pre-Post,Exist,36.4999999999979,0.0999999999999943,1.19999999999993,0.0104714587929841,0.0027,0.0270000000000015,0.00225000000000013
No Treatment,Carlos,chr2 25240646 G>A,DNMT3A,TRUE,,0.0168,,0.0152,,,0.0168,,0.0152,,FALSE,FALSE,FALSE,FALSE,76.9,78.5,,,TRUE,Pre-Post,Pre-Post,Exist,583.999999999998,1.59999999999999,19.1999999999999,-0.000171375785200313,-0.0016,-0.001,-8.33333333333336e-05
No Treatment,Carlos,chr4 105261769 T>C,TET2,TRUE,,0.0018,,0.0025,,,0.0018,,0.0025,,FALSE,FALSE,FALSE,FALSE,76.9,78.5,,,TRUE,Pre-Post,Pre-Post,Exist,583.999999999998,1.59999999999999,19.1999999999999,0.000562506963993215,7e-04,0.000437500000000002,3.64583333333335e-05
No Treatment,Carlos,chr4 105234701 CA>C,TET2,TRUE,,0.0029,,0.0034,,,0.0029,,0.0034,,FALSE,FALSE,FALSE,FALSE,59.7,59.8,,,TRUE,Pre-Post,Pre-Post,Exist,36.4999999999979,0.0999999999999943,1.19999999999993,0.00435793683916977,5e-04,0.00500000000000028,0.00041666666666669
No Treatment,Carlos,chr2 25240420 T>C,DNMT3A,TRUE,,0.004,,0.0023,,,0.004,,0.0023,,FALSE,FALSE,FALSE,FALSE,66.2,68.2,,,TRUE,Pre-Post,Pre-Post,Exist,730,2,24,-0.000758061970116146,-0.0017,-0.00085,-7.08333333333333e-05
No Treatment,Carlos,chr2 25235768 G>A,DNMT3A,TRUE,,0.0018,,0.0024,,,0.0018,,0.0024,,FALSE,FALSE,FALSE,FALSE,66.2,68.2,,,TRUE,Pre-Post,Pre-Post,Exist,730,2,24,0.000394085030755864,6e-04,3e-04,2.5e-05
No Treatment,Carlos,chr17 7674227 T>C,TP53,TRUE,,0.0146,,0.0185,,,0.0146,,0.0185,,FALSE,FALSE,FALSE,FALSE,72.7,74.7,,,TRUE,Pre-Post,Pre-Post,Exist,730,2,24,0.000324313977219162,0.0039,0.00195,0.0001625
No Treatment,Carlos,chr2 25245300 TAACATTG>T,DNMT3A,TRUE,,0.0134,,0.0141,,,0.0134,,0.0141,,FALSE,FALSE,FALSE,FALSE,72.7,74.7,,,TRUE,Pre-Post,Pre-Post,Exist,730,2,24,6.9753548530489e-05,0.000699999999999999,0.00035,2.91666666666666e-05
No Treatment,Carlos,chr4 105269613 G>T,TET2,FALSE,,0.0023,,8e-04,,,0.0023,,8e-04,,FALSE,FALSE,TRUE,FALSE,72.7,74.7,,,TRUE,Pre-Post,Pre-Post,Called,730,2,24,-0.00144664749897166,-0.0015,-0.00075,-6.25e-05
No Treatment,Carlos,chr17 7674230 C>T,TP53,TRUE,,0.0031,,0.0042,,,0.0031,,0.0042,,FALSE,FALSE,FALSE,FALSE,65.2,65.9,,,TRUE,Pre-Post,Pre-Post,Exist,255.500000000001,0.700000000000003,8.40000000000003,0.00118858087592259,0.0011,0.00157142857142856,0.00013095238095238
No Treatment,Carlos,chr2 25241599 ATGAT>A,DNMT3A,TRUE,,0.0016,,0.0026,,,0.0016,,0.0026,,FALSE,FALSE,FALSE,FALSE,67.1,68.4,,,TRUE,Pre-Post,Pre-Post,Exist,474.500000000004,1.30000000000001,15.6000000000001,0.0010231987687707,0.001,0.000769230769230762,6.41025641025635e-05
No Treatment,Carlos,chr2 25239143 G>C,DNMT3A,TRUE,,0.0042,,0.003,,,0.0042,,0.003,,FALSE,FALSE,FALSE,FALSE,47.4,47.65,,,TRUE,Pre-Post,Pre-Post,Exist,90,0.246575342465753,2.95890410958904,-0.00373858040690237,-0.0012,-0.00486666666666667,-0.000405555555555555
No Treatment,Carlos,chr2 25235716 T>G,DNMT3A,TRUE,,0.0219,,0.0196,,,0.0219,,0.0196,,FALSE,FALSE,FALSE,FALSE,77.5,79.2,,,TRUE,Pre-Post,Pre-Post,Exist,620.500000000001,1.7,20.4,-0.000178818808357749,-0.0023,-0.00135294117647059,-0.000112745098039216
No Treatment,Carlos,chr4 105276280 A>T,TET2,TRUE,,0.002,,0.0011,,,0.002,,0.0011,,FALSE,FALSE,FALSE,FALSE,77.5,79.2,,,TRUE,Pre-Post,Pre-Post,Exist,620.500000000001,1.7,20.4,-0.000963476230065463,-9e-04,-0.000529411764705881,-4.41176470588235e-05
No Treatment,Carlos,chr2 25246671 C>T,DNMT3A,TRUE,,0.001,,0.0025,,,0.001,,0.0025,,FALSE,FALSE,FALSE,FALSE,49.8,50.1,,,TRUE,Pre-Post,Pre-Post,Exist,109.500000000002,0.300000000000004,3.60000000000005,0.00836795188926157,0.0015,0.00499999999999993,0.000416666666666661
No Treatment,Carlos,chr4 105276128 T>G,TET2,TRUE,,0.0026,,0.0031,,,0.0026,,0.0031,,FALSE,FALSE,FALSE,FALSE,70.5,71.9,,,TRUE,Pre-Post,Pre-Post,Exist,511.000000000002,1.40000000000001,16.8000000000001,0.000344208740633392,5e-04,0.000357142857142856,2.97619047619046e-05
No Treatment,Carlos,chr20 32436324 C>A,ASXL1,TRUE,,0.0141,,0.0157,,,0.0141,,0.0157,,FALSE,FALSE,FALSE,FALSE,68.4,69.2,,,TRUE,Pre-Post,Pre-Post,Exist,291.999999999999,0.799999999999997,9.59999999999997,0.000368102448527877,0.0016,0.00200000000000001,0.000166666666666667
No Treatment,Carlos,chr2 25247677 T>A,DNMT3A,TRUE,,0.0051,,0.0044,,,0.0051,,0.0044,,FALSE,FALSE,FALSE,FALSE,68.4,69.2,,,TRUE,Pre-Post,Pre-Post,Exist,291.999999999999,0.799999999999997,9.59999999999997,-0.000505602735637209,-7e-04,-0.000875000000000003,-7.29166666666669e-05
No Treatment,Carlos,chr2 25246023 CA>C,DNMT3A,TRUE,,0.0032,,0.0026,,,0.0032,,0.0026,,FALSE,FALSE,FALSE,FALSE,68.4,69.2,,,TRUE,Pre-Post,Pre-Post,Exist,291.999999999999,0.799999999999997,9.59999999999997,-0.000711093714993991,-6e-04,-0.000750000000000003,-6.25000000000003e-05
No Treatment,Carlos,chr20 32435133 TC>T,ASXL1,TRUE,,0.0024,,0.0035,,,0.0024,,0.0035,,FALSE,FALSE,FALSE,FALSE,68.4,69.2,,,TRUE,Pre-Post,Pre-Post,Exist,291.999999999999,0.799999999999997,9.59999999999997,0.0012921035313064,0.0011,0.00137500000000001,0.000114583333333334
No Treatment,Carlos,chr2 25235726 A>G,DNMT3A,TRUE,,0.09,,0.1109,,,0.09,,0.1109,,FALSE,FALSE,FALSE,FALSE,65.9,67.3,,,TRUE,Pre-Post,Pre-Post,Exist,510.999999999997,1.39999999999999,16.7999999999999,0.000408648187917921,0.0209,0.0149285714285715,0.00124404761904763
No Treatment,Carlos,chr2 25240641 G>T,DNMT3A,TRUE,,0.0055,,0.0033,,,0.0055,,0.0033,,FALSE,FALSE,FALSE,FALSE,65.9,67.3,,,TRUE,Pre-Post,Pre-Post,Exist,510.999999999997,1.39999999999999,16.7999999999999,-0.000999658754923667,-0.0022,-0.00157142857142858,-0.000130952380952382
No Treatment,Carlos,chr2 25244615 T>C,DNMT3A,FALSE,,0.0032,,0.0013,,,0.0032,,0.0013,,FALSE,FALSE,TRUE,FALSE,65.9,67.3,,,TRUE,Pre-Post,Pre-Post,Called,510.999999999997,1.39999999999999,16.7999999999999,-0.00176279167385165,-0.0019,-0.00135714285714287,-0.000113095238095239
No Treatment,Carlos,chr2 25240420 T>C,DNMT3A,TRUE,,0.0027,,0.0041,,,0.0027,,0.0041,,FALSE,FALSE,FALSE,FALSE,62.3,62.8,,,TRUE,Pre-Post,Pre-Post,Exist,182.5,0.5,6,0.0022889600038355,0.0014,0.0028,0.000233333333333333
No Treatment,Carlos,chr2 25247107 G>A,DNMT3A,TRUE,,0.0023,,0.0045,,,0.0023,,0.0045,,FALSE,FALSE,FALSE,FALSE,62.3,62.8,,,TRUE,Pre-Post,Pre-Post,Exist,182.5,0.5,6,0.00367763437721189,0.0022,0.0044,0.000366666666666667
No Treatment,Carlos,chr2 25240439 G>A,DNMT3A,TRUE,,0.0022,,0.0024,,,0.0022,,0.0024,,FALSE,FALSE,FALSE,FALSE,62.3,62.8,,,TRUE,Pre-Post,Pre-Post,Exist,182.5,0.5,6,0.000476774668436327,2e-04,0.000399999999999999,3.33333333333333e-05
No Treatment,Carlos,chr2 25234396 A>T,DNMT3A,TRUE,,0.0017,,0.002,,,0.0017,,0.002,,FALSE,FALSE,FALSE,FALSE,62.3,62.8,,,TRUE,Pre-Post,Pre-Post,Exist,182.5,0.5,6,0.000890514682179589,3e-04,6e-04,5e-05
No Treatment,Carlos,chr17 60663083 TA>T,PPM1D,TRUE,,0.0029,,8e-04,,,0.0029,,8e-04,,FALSE,FALSE,FALSE,FALSE,70.4,72.2,,,TRUE,Pre-Post,Pre-Post,Exist,656.999999999999,1.8,21.6,-0.00196020439620493,-0.0021,-0.00116666666666667,-9.72222222222224e-05
No Treatment,Carlos,chr2 25243928 C>T,DNMT3A,TRUE,,0.0017,,0.0021,,,0.0017,,0.0021,,FALSE,FALSE,FALSE,FALSE,70.4,72.2,,,TRUE,Pre-Post,Pre-Post,Exist,656.999999999999,1.8,21.6,0.000321627235414319,4e-04,0.000222222222222223,1.85185185185185e-05
No Treatment,Carlos,chr4 105243621 C>T,TET2,TRUE,,0.0052,,0.0041,,,0.0052,,0.0041,,FALSE,FALSE,FALSE,FALSE,73.7,75.4,,,TRUE,Pre-Post,Pre-Post,Exist,620.500000000001,1.7,20.4,-0.000383032476836614,-0.0011,-0.00064705882352941,-5.39215686274509e-05
No Treatment,Carlos,chr4 105235201 C>A,TET2,TRUE,,0.003,,0.0057,,,0.003,,0.0057,,FALSE,FALSE,FALSE,FALSE,73.7,75.4,,,TRUE,Pre-Post,Pre-Post,Exist,620.500000000001,1.7,20.4,0.00103441399866623,0.0027,0.00158823529411764,0.00013235294117647
No Treatment,Carlos,chr2 25243930 C>T,DNMT3A,TRUE,,0.0048,,0.0047,,,0.0048,,0.0047,,FALSE,FALSE,FALSE,FALSE,60.1,60.5,,,TRUE,Pre-Post,Pre-Post,Exist,145.999999999999,0.399999999999999,4.79999999999998,-0.000144201432861865,-9.99999999999994e-05,-0.000249999999999999,-2.08333333333333e-05
No Treatment,Carlos,chr4 105237080 T>TA,TET2,TRUE,,0.0021,,0.0023,,,0.0021,,0.0023,,FALSE,FALSE,FALSE,FALSE,60,61.1,,,TRUE,Pre-Post,Pre-Post,Exist,401.500000000001,1.1,13.2,0.000226579771371673,2e-04,0.000181818181818182,1.51515151515151e-05
No Treatment,Carlos,chr2 25245276 C>A,DNMT3A,TRUE,,0.0011,,0.002,,,0.0011,,0.002,,FALSE,FALSE,FALSE,FALSE,60,61.1,,,TRUE,Pre-Post,Pre-Post,Exist,401.500000000001,1.1,13.2,0.00148900871919208,9e-04,0.000818181818181817,6.81818181818181e-05
No Treatment,Carlos,chr2 25244214 G>A,DNMT3A,TRUE,,0.0144,,0.0085,,,0.0144,,0.0085,,FALSE,FALSE,FALSE,FALSE,59.8,59.9,,,TRUE,Pre-Post,Pre-Post,Exist,36.5000000000005,0.100000000000001,1.20000000000002,-0.0144427957009774,-0.0059,-0.0589999999999992,-0.0049166666666666
No Treatment,Carlos,chr2 25235750 TG>T,DNMT3A,TRUE,,0.002,,0.0028,,,0.002,,0.0028,,FALSE,FALSE,FALSE,FALSE,50.2,50.4,,,TRUE,Pre-Post,Pre-Post,Exist,72.9999999999984,0.199999999999996,2.39999999999995,0.00460920872083863,8e-04,0.00400000000000009,0.000333333333333341
No Treatment,Carlos,chr2 25244643 G>GA,DNMT3A,TRUE,,0.0136,,0.0136,,,0.0136,,0.0136,,FALSE,FALSE,FALSE,FALSE,56,56.1,,,TRUE,Pre-Post,Pre-Post,Exist,36.5000000000005,0.100000000000001,1.20000000000002,0,0,0,0
No Treatment,Carlos,chr22 28699927 C>A,CHEK2,TRUE,,0.0046,,0.0036,,,0.0046,,0.0036,,FALSE,FALSE,FALSE,FALSE,64.3,64.5,,,TRUE,Pre-Post,Pre-Post,Exist,73.000000000001,0.200000000000003,2.40000000000003,-0.00335784189086276,-0.001,-0.00499999999999993,-0.000416666666666661
No Treatment,Carlos,chr2 25247087 CTGCT>C,DNMT3A,TRUE,,0.0028,,0.0033,,,0.0028,,0.0033,,FALSE,FALSE,FALSE,FALSE,64.3,64.5,,,TRUE,Pre-Post,Pre-Post,Exist,73.000000000001,0.200000000000003,2.40000000000003,0.00225072673001745,5e-04,0.00249999999999996,0.00020833333333333
No Treatment,Carlos,chr2 25247687 C>T,DNMT3A,TRUE,,0.0015,,0.002,,,0.0015,,0.002,,FALSE,FALSE,FALSE,FALSE,53.5,53.6,,,TRUE,Pre-Post,Pre-Post,Exist,36.5000000000005,0.100000000000001,1.20000000000002,0.00788170061511717,5e-04,0.00499999999999993,0.000416666666666661
No Treatment,Carlos,chr4 105241344 AT>A,TET2,FALSE,,0.0146,,0.0098,,,0.0146,,0.0098,,FALSE,FALSE,TRUE,FALSE,45.7,45.9,,,TRUE,Pre-Post,Pre-Post,Called,72.9999999999984,0.199999999999996,2.39999999999995,-0.00546081017859963,-0.0048,-0.0240000000000005,-0.00200000000000004
No Treatment,Carlos,chr4 105241372 A>G,TET2,TRUE,,0.0031,,0.0017,,,0.0031,,0.0017,,FALSE,FALSE,FALSE,FALSE,45.7,45.9,,,TRUE,Pre-Post,Pre-Post,Exist,72.9999999999984,0.199999999999996,2.39999999999995,-0.00822977890998552,-0.0014,-0.00700000000000015,-0.000583333333333346
