"","X","p_val","avg_log2FC","pct.1","pct.2","p_val_adj"
"1","PPBP",6.54914372295815e-73,0.351883425034998,0.258,0.005,2.00410347066242e-68
"2","RPS11",2.46212878278467e-66,-1.98014572661844,0.15,0.954,7.53436028819937e-62
"3","B2M",2.78915105463218e-65,-2.22492945912052,0.9,0.993,8.53508114227994e-61
"4","TMSB4X",2.86236484880278e-65,-2.31293642013711,0.625,0.985,8.75912267382138e-61
"5","RPS19",8.53376267098373e-65,-2.20785309939798,0.15,0.95,2.61141671494773e-60
"6","RPL41",3.33669355746476e-64,-2.19479222252547,0.233,0.959,1.02106159551979e-59
"7","RPS27",2.16946750840948e-62,-2.03252573749664,0.142,0.931,6.63878752248384e-58
"8","RPL13",5.41774502109153e-61,-1.99783024547105,0.133,0.931,1.65788415390422e-56
"9","RPL10",1.01907390289051e-60,-2.02908117945549,0.133,0.922,3.11846805023524e-56
"10","RPL13A",5.36643430474618e-60,-1.88086924142808,0.208,0.934,1.64218256159538e-55
"11","RPL34",6.82407840068159e-60,-1.83252799326717,0.125,0.912,2.08823623139257e-55
"12","ACTB",2.06658202718277e-59,-2.02788547327834,0.567,0.977,6.323947661382e-55
"13","EEF1A1",6.19013001228872e-59,-1.87187265039494,0.483,0.976,1.89424168506047e-54
"14","RPLP1",1.99441425109864e-58,-1.76644222204432,0.3,0.952,6.10310704978694e-54
"15","RPS27A",7.43326699819898e-58,-1.72233909242043,0.1,0.898,2.27465403411887e-53
"16","PLCG2",1.66332016311374e-57,1.78898478464534,1,0.879,5.08992603114434e-53
"17","S100A4",2.20460803435197e-57,-2.02485237966605,0.217,0.926,6.74632104592048e-53
"18","RPS12",2.55943939890867e-57,-1.81253981547618,0.092,0.892,7.83214050460041e-53
"19","RPL11",2.68182930982672e-57,-1.66600054176538,0.175,0.911,8.20666587100074e-53
"20","RPS2",4.63694897549965e-57,-1.79463961452585,0.267,0.928,1.41895275599265e-52
"21","RPL28",7.74921562716428e-57,-1.90205109775165,0.108,0.897,2.37133747406854e-52
"22","RPL30",1.62784295389019e-56,-1.77029476839475,0.075,0.878,4.98136222319936e-52
"23","RPL27A",9.64906714036989e-56,-1.61782130829534,0.05,0.867,2.95271103562459e-51
"24","RPL37A",1.02496235722899e-55,-1.60520337385814,0.142,0.89,3.13648730935642e-51
"25","RPS16",1.26551997292405e-55,-1.65604201135118,0.108,0.886,3.87261766914487e-51
"26","RPS14",1.34211690636987e-55,-1.75086037895336,0.1,0.881,4.10701194518243e-51
"27","HLA-B",1.42373105509756e-54,-1.5647066063044,0.567,0.98,4.35675940170403e-50
"28","FAU",1.98181756450567e-54,-1.61956166744802,0.108,0.876,6.06455992914381e-50
"29","RPS29",3.31126548076723e-54,-1.61103294476431,0.15,0.886,1.01328034976958e-49
"30","RPLP2",3.98238707132192e-54,-1.65842607952498,0.167,0.895,1.21865026769522e-49
"31","RPL19",4.40142626947144e-54,-1.65231391315763,0.083,0.862,1.34688045272096e-49
"32","UTRN",1.87948936161385e-53,1.15172824602986,1,0.996,5.75142539547454e-49
"33","RPS18",4.05988775617334e-53,-1.61690086001802,0.142,0.877,1.2423662522666e-48
"34","FTL",5.32989634200444e-53,-1.87838265972432,0.267,0.921,1.63100157961678e-48
"35","RPS15",1.02891832763462e-52,-1.52437386754729,0.083,0.853,3.14859297439469e-48
"36","RPS15A",1.35071412958057e-52,-1.53615140797579,0.033,0.835,4.1333203079295e-48
"37","TMSB10",5.17018851840405e-52,-1.68527709719618,0.292,0.919,1.58212938851682e-47
"38","HLA-C",1.58380890477001e-51,-1.69935353500432,0.308,0.926,4.8466136294867e-47
"39","RPL23",1.65760263758418e-51,-1.48929874216848,0.042,0.825,5.07242983127133e-47
"40","RPS23",5.53214408021368e-51,-1.58878722380911,0.117,0.861,1.69289140998619e-46
"41","PTMA",1.21926264466784e-50,-1.44718816275279,0.492,0.957,3.73106561894806e-46
"42","RPL8",1.51084980923972e-50,-1.46584826883583,0.042,0.821,4.62335150125445e-46
"43","RPS9",1.52465834782468e-50,-1.46638788564803,0.192,0.881,4.6656070101783e-46
"44","RPL18A",3.38473103635409e-50,-1.50659490418094,0.042,0.816,1.03576154443471e-45
"45","MT-CO3",3.9763394020977e-50,-1.27575986341344,0.983,1,1.21679962043592e-45
"46","RPS28",1.02534653817341e-49,-1.4676258792453,0.083,0.833,3.13766294146447e-45
"47","PFN1",1.07697963758168e-49,-1.53220369544274,0.133,0.854,3.29566538896371e-45
"48","CFL1",2.08157272160593e-49,-1.40356851715931,0.175,0.864,6.3698206853863e-45
"49","AIF1",6.35929594164624e-49,-1.57766641940837,0.267,0.894,1.94600815110317e-44
"50","RPL21",7.96694465255278e-49,-1.46282596950596,0.167,0.858,2.43796473312767e-44
"51","S100A6",1.35382519293244e-48,-1.742653819923,0.217,0.876,4.14284047289255e-44
"52","RPL3",2.02752179886156e-48,-1.37327043447697,0.092,0.826,6.20441945669627e-44
"53","MYL6",4.63492085751866e-48,-1.42902073024437,0.125,0.844,1.41833213160928e-43
"54","RPL37",1.60355169667417e-47,-1.34807711809885,0.075,0.816,4.90702854699262e-43
"55","RPL26",1.66096731310296e-47,-1.40939735018241,0.075,0.817,5.08272607482637e-43
"56","CST3",2.77871384521311e-47,-1.6180482026614,0.317,0.901,8.50314223773665e-43
"57","MT-ND3",1.85806096395384e-46,-1.29399818498986,0.992,1,5.68585235579514e-42
"58","RPS24",2.06474612489206e-46,-1.3609592208444,0.108,0.835,6.31832961678218e-42
"59","RPL23A",2.38374666097048e-46,-1.2917377125263,0.092,0.805,7.29450315723577e-42
"60","H3F3A",2.56089086757564e-46,-1.37017509178419,0.483,0.94,7.83658214386821e-42
"61","RPS3",3.570577332008e-46,-1.34434190252569,0.058,0.796,1.09263236936777e-41
"62","MT-CO2",1.2401318174899e-45,-1.220500261393,0.992,1,3.79492737470084e-41
"63","TPT1",2.29140875649759e-45,-1.43750807202392,0.125,0.825,7.01193993575827e-41
"64","RPS25",3.27415386361061e-45,-1.34106751382802,0.075,0.788,1.00192382380348e-40
"65","RPS6",3.80769233410771e-45,-1.3315223694975,0.133,0.821,1.1651919311603e-40
"66","EIF1",4.50714489478932e-45,-1.22501763662282,0.2,0.848,1.37923140925448e-40
"67","RPS17",1.18395762466204e-44,-1.28794090719778,0.067,0.778,3.6230287272283e-40
"68","RPL35A",2.1082263951435e-44,-1.23797068436403,0.092,0.788,6.45138359177863e-40
"69","UBC",5.17896732608897e-44,-1.22144137988138,0.1,0.79,1.58481579145649e-39
"70","RPL18",7.70276189664972e-44,-1.30723725241677,0.075,0.777,2.35712216799378e-39
"71","RPL36A",8.10005553637688e-44,-1.24606316464971,0.142,0.812,2.47869799468669e-39
"72","OAZ1",1.43009013061354e-43,-1.22528535199189,0.133,0.804,4.37621880869049e-39
"73","HLA-A",3.25343466131834e-43,-1.44274102018055,0.292,0.868,9.95583540710024e-39
"74","RPS20",3.97504641154659e-43,-1.28168171195483,0.092,0.779,1.21640395239737e-38
"75","RPL39",3.98072021061138e-43,-1.35861774557648,0.1,0.787,1.21814019164919e-38
"76","RPS3A",2.87713435939245e-42,-1.26362945432269,0.092,0.775,8.80431885317683e-38
"77","MBNL1",4.47397134870547e-42,1.04484056684488,0.992,0.944,1.36907997241736e-37
"78","MTRNR2L12",6.50459106183953e-42,1.80050587241955,1,0.761,1.99046991083351e-37
"79","RPL15",7.62165868407794e-42,-1.18581908901815,0.067,0.758,2.33230377391469e-37
"80","RPS4X",1.09211612566119e-41,-1.18146348661597,0.058,0.746,3.34198455613581e-37
"81","RPL9",1.90410784271785e-41,-1.18536200193145,0.092,0.764,5.82676040950089e-37
"82","MTSS1",1.95961047487389e-41,1.02280448281289,1,0.956,5.9966040141616e-37
"83","TYROBP",3.46690743911121e-41,-1.32752239125454,0.258,0.852,1.06090834544242e-36
"84","MT-CYB",1.05274413096893e-40,-1.16200861679804,0.975,1,3.22150231517801e-36
"85","MT-ND1",1.9193033365006e-40,-1.16654648556725,0.933,0.999,5.87326014002549e-36
"86","RPS8",3.72879137302061e-40,-1.22659500508675,0.175,0.805,1.14104744805804e-35
"87","NACA",4.75934217316599e-40,-1.13392114516048,0.133,0.796,1.45640629841052e-35
"88","RPS26",1.15058751919766e-39,-1.17712585183169,0.033,0.712,3.52091286749676e-35
"89","RPL17",2.46744227039091e-39,-1.18110480057238,0.15,0.782,7.55062009162323e-35
"90","DLEU2",4.31082616145643e-39,1.26103649632373,0.9,0.626,1.31915591366728e-34
"91","UBA52",4.74248727259492e-39,-1.16010648906201,0.058,0.723,1.45124853028677e-34
"92","RPS13",1.57429299208119e-38,-1.20990954269215,0.092,0.743,4.81749398506765e-34
"93","RPL36",3.89772730432536e-38,-1.11426273430833,0.033,0.696,1.1927435323966e-33
"94","CYBA",6.6799981636119e-38,-1.15386136600288,0.325,0.861,2.04414623804688e-33
"95","RPL7",1.63734669369574e-37,-1.09254952283291,0.033,0.689,5.01044461737834e-33
"96","RPL12",3.62232726031278e-37,-1.14759585059327,0.058,0.705,1.10846836492831e-32
"97","RPL38",5.26923114271911e-37,-1.03792809795567,0.05,0.694,1.61243742198347e-32
"98","LYST",6.11298361358469e-37,0.993656300309234,1,0.967,1.87063411559305e-32
"99","SLC8A1",1.2051708756162e-36,1.10954801186904,1,0.931,3.68794339647313e-32
"100","RPL7A",2.37884512135579e-36,-1.06309646694999,0.083,0.717,7.27950395586085e-32
"101","RPS21",3.55626078014437e-36,-1.08400437210161,0.117,0.736,1.08825136133198e-31
"102","FCER1G",3.63897205210616e-36,-1.31224630895754,0.45,0.873,1.11356183766501e-31
"103","RPL32",8.29591292537686e-36,-1.11930616447847,0.15,0.757,2.53863231429457e-31
"104","MT-ATP6",1.51551201008685e-35,-0.982662387071439,0.992,1,4.63761830206677e-31
"105","RPL35",3.34565189095141e-35,-0.998386375914512,0.033,0.663,1.02380293515004e-30
"106","HLA-E",1.12693990797014e-34,-0.988780764004747,0.633,0.95,3.44854881237944e-30
"107","CFD",1.12999036756e-34,-1.20671935078098,0.1,0.712,3.45788352377035e-30
"108","MT-ND2",1.14241097724512e-34,-1.00574168872235,0.967,0.999,3.49589183146778e-30
"109","RPL14",2.61917238117573e-34,-0.995385730944581,0.092,0.697,8.01492940363586e-30
"110","RPL5",2.62166241586214e-34,-1.00606912222336,0.067,0.68,8.02254915877974e-30
"111","FTH1",5.7725325547819e-34,-1.17346869343627,0.633,0.94,1.76645268708881e-29
"112","MCTP1",7.91760601818253e-34,1.08268056554126,0.975,0.772,2.42286661762403e-29
"113","DPYD",1.78996263794263e-33,0.950100751257773,1,0.952,5.47746466836824e-29
"114","IFITM2",1.5418619175837e-32,-1.11779234648443,0.142,0.715,4.71825165399788e-28
"115","RPL27",1.54693377527998e-32,-0.928270914970788,0.042,0.646,4.73377204573425e-28
"116","H3F3B",1.67547629106063e-32,-0.986899670958755,0.3,0.798,5.12712499827465e-28
"117","RPL10A",2.06123929742208e-32,-0.95635680270747,0.083,0.673,6.30759837404129e-28
"118","RIPOR2",5.01876134761076e-32,0.951619537629107,0.967,0.743,1.53579115998237e-27
"119","RPL6",6.9738419238747e-32,-0.950298949706473,0.133,0.723,2.1340653671249e-27
"120","RPS5",1.79383756133825e-31,-0.919756771366473,0.05,0.636,5.48932232145117e-27
"121","RPL29",4.01909182905431e-31,-0.954787581084508,0.058,0.64,1.22988229060891e-26
"122","RPL24",6.54536597188219e-31,-0.904380516232532,0.092,0.663,2.00294744105567e-26
"123","HLA-DRA",7.04249480364e-31,-1.22967099808964,0.358,0.842,2.15507383486187e-26
"124","RPS7",1.04203038636259e-30,-0.989938651555897,0.075,0.654,3.18871718530816e-26
"125","AC092546.1",1.59013885966508e-30,0.568099063087506,0.367,0.066,4.8659839244611e-26
"126","PSAP",2.26403847337108e-30,-0.888299914744826,0.95,0.975,6.92818413236283e-26
"127","AOAH",3.56161623127439e-30,1.04211463470755,0.983,0.781,1.08989018293228e-25
"128","SCLT1",5.64865777071678e-30,1.14685572987577,0.942,0.759,1.72854576441704e-25
"129","RTN1",6.97984130181478e-30,0.954307909307131,0.625,0.215,2.13590123676834e-25
"130","EEF1G",7.83764025353878e-30,-0.867656587156334,0.033,0.603,2.3983962939854e-25
"131","TCF7L2",1.08619294102552e-29,0.934212716467704,0.992,0.952,3.3238590188322e-25
"132","S100A11",1.25941692391305e-29,-1.03279732634395,0.217,0.746,3.85394172886634e-25
"133","NOTCH2",2.23816169603864e-29,0.77964961020177,0.958,0.718,6.84899860604785e-25
"134","SERPINA1",7.60113560185588e-29,-0.959085120496471,0.358,0.808,2.32602350552392e-24
"135","PTPRC",1.49426024383149e-28,0.576920776612304,1,0.999,4.57258577214876e-24
"136","CORO1A",4.8821690611949e-28,-0.817821096095481,0.208,0.732,1.49399255441625e-23
"137","SRGN",5.36039051183823e-28,-0.769444901101637,0.5,0.891,1.64033310052762e-23
"138","SH3BGRL3",8.09372419008204e-28,-0.890811652437304,0.108,0.647,2.476760539407e-23
"139","SERF2",9.47999551576307e-28,-0.873603154480244,0.117,0.652,2.90097342777866e-23
"140","GABARAP",1.51360497275419e-27,-0.832709338882505,0.075,0.613,4.63178257712509e-23
"141","RPSA",1.69469741387751e-27,-0.855378414232221,0.075,0.613,5.18594355620655e-23
"142","FYB1",2.006329661548e-27,1.01796654652945,0.908,0.756,6.13956939730303e-23
"143","DENND1A",2.40919295149882e-27,0.852382414925151,0.942,0.669,7.37237135088154e-23
"144","PFDN5",2.74907717516208e-27,-0.82918196538718,0.1,0.645,8.41245106371349e-23
"145","DOCK8",2.77342143969448e-27,0.681599512289281,0.992,0.955,8.48694694760909e-23
"146","CALM2",2.89473528890614e-27,-0.857488355532248,0.275,0.786,8.85817945758167e-23
"147","MYL12A",2.90972659703819e-27,-0.815062817417895,0.058,0.595,8.90405435959656e-23
"148","ACTG1",6.9575040318544e-27,-0.862373332121196,0.175,0.691,2.12906580878776e-22
"149","RACK1",1.29265094401555e-26,-0.826224142015397,0.075,0.607,3.95564115378198e-22
"150","ZEB2",1.34244384173467e-26,0.81092524751055,1,0.987,4.10801240009228e-22
"151","ANKRD44",1.34296268075002e-26,0.760696474106736,1,0.895,4.10960009936314e-22
"152","CD74",1.57748485428623e-26,-1.00374590974992,0.708,0.925,4.8272614026013e-22
"153","XYLT1",1.92213832960904e-26,0.832845896042381,0.9,0.584,5.88193550243661e-22
"154","DOCK2",2.18122424218051e-26,0.718834512348218,1,0.929,6.67476430349656e-22
"155","LST1",7.58454437427784e-26,-0.891073605403179,0.675,0.902,2.32094642397276e-21
"156","GNAI2",9.45066678920315e-26,-0.750097972794867,0.258,0.748,2.89199854416406e-21
"157","FLI1",1.10098069519922e-25,0.769579591581266,0.8,0.445,3.36911102537913e-21
"158","ITM2B",1.67383919484453e-25,-0.8433047109286,0.567,0.881,5.12211532014376e-21
"159","SLC9A9",2.6171489395114e-25,0.875027437917304,0.908,0.639,8.00873746979885e-21
"160","RPL31",3.56156880319409e-25,-0.832875648579325,0.258,0.735,1.08987566946542e-20
"161","COX4I1",4.80276765425975e-25,-0.765364062166334,0.05,0.57,1.46969492988003e-20
"162","EIF3K",4.90186476920651e-25,-0.727392115298446,0.033,0.547,1.50001963802489e-20
"163","CALM1",1.24328454088338e-24,-0.812401866781185,0.108,0.611,3.80457502355724e-20
"164","ATP5F1E",1.63126571402225e-24,-0.778779678543362,0.1,0.608,4.9918362114795e-20
"165","CLEC12A",2.92019758223301e-24,0.784259752268103,0.925,0.769,8.93609662139123e-20
"166","HLA-DPA1",3.16324895686262e-24,-1.00506676597255,0.325,0.771,9.6798581328953e-20
"167","LRRK2",4.01550877558012e-24,0.880880520912193,0.908,0.667,1.22878584041527e-19
"168","LGALS1",6.61104440620528e-24,-0.831761880359657,0.067,0.562,2.02304569874288e-19
"169","NEDD9",1.01084335312539e-23,0.761848599047187,0.917,0.673,3.09328174489901e-19
"170","SLC25A6",2.09010829351897e-23,-0.745438147985462,0.142,0.619,6.39594038899739e-19
"171","IFITM3",2.67302455116796e-23,-1.17500578445754,0.192,0.65,8.17972242902909e-19
"172","JAK2",4.23947561183481e-23,0.873156633077193,0.95,0.687,1.29732193197757e-18
"173","ATG7",4.79209062627222e-23,0.759791232903045,0.85,0.505,1.46642765254556e-18
"174","CDH23",6.41049262021806e-23,0.573258180574263,0.825,0.442,1.96167484671293e-18
"175","FLNA",7.50015659313533e-23,-0.724514490262827,0.25,0.718,2.29512291906534e-18
"176","SH3RF1",1.68401534307615e-22,0.738252284895854,0.608,0.24,5.15325535134732e-18
"177","TLR2",3.72822289048874e-22,0.698485479735122,0.792,0.459,1.14087348671846e-17
"178","FGD4",4.20278008856756e-22,0.751320887143276,0.842,0.546,1.28609273490256e-17
"179","MT-ND4",4.75595129076919e-22,-0.700693259931538,0.983,1,1.45536865448828e-17
"180","LRMDA",4.79843459860579e-22,0.908046390830729,0.875,0.629,1.46836897151936e-17
"181","MARCH1",5.48368362353244e-22,0.846111264682565,0.85,0.637,1.67806202563716e-17
"182","MYL12B",5.68505949391683e-22,-0.677901220915995,0.117,0.591,1.73968505573349e-17
"183","EEF1B2",5.82570302843937e-22,-0.685189175342623,0.033,0.502,1.78272338373273e-17
"184","EMP3",7.07085558259063e-22,-0.81912627250091,0.233,0.682,2.16375251682856e-17
"185","NDUFA13",7.15338582491986e-22,-0.68174712000799,0.025,0.491,2.18900759628373e-17
"186","COX7C",7.51107280302982e-22,-0.686931325711318,0.092,0.558,2.29846338845516e-17
"187","FMNL2",9.15737273992924e-22,1.2001466998784,0.758,0.477,2.80224763214575e-17
"188","S100Z",9.19100585587524e-22,0.684837377651456,0.7,0.318,2.81253970195638e-17
"189","DMXL2",1.03578909795507e-21,0.718782407298376,0.967,0.8,3.16961821865232e-17
"190","ARPC1B",1.0558048853499e-21,-0.683850031632609,0.342,0.752,3.23086852965923e-17
"191","RNF149",1.25304942995937e-21,0.709675679011885,0.975,0.858,3.83445656061867e-17
"192","RHOG",1.38812854098649e-21,-0.658070048994426,0.067,0.53,4.24781214827276e-17
"193","SRGAP2",1.42692515548019e-21,0.62203787019831,0.8,0.421,4.36653366828493e-17
"194","COP1",1.57213662000476e-21,0.670266150694509,0.967,0.858,4.81089527087656e-17
"195","DLEU1",3.88269345537412e-21,0.769037881420872,0.667,0.306,1.18814302427904e-16
"196","HDAC9",4.31850308727517e-21,0.912014940852371,0.708,0.353,1.32150512973707e-16
"197","HSP90AA1",4.90374080489713e-21,-0.767694540168924,0.242,0.666,1.50059372370657e-16
"198","SRSF5",5.17612282783558e-21,-0.708110731494021,0.242,0.68,1.58394534654597e-16
"199","FCGR3A",5.67912689282362e-21,-0.725107093322642,0.708,0.926,1.73786962047295e-16
"200","RPL22",7.32218407370033e-21,-0.678444949286122,0.117,0.567,2.24066154839304e-16
"201","SPRED1",8.40113959269048e-21,1.02077747546535,0.717,0.397,2.57083272675921e-16
"202","JUNB",9.01959589825215e-21,-0.733300639955323,0.292,0.706,2.76008654082414e-16
"203","TOMM7",9.20271785866504e-21,-0.631771070422482,0.058,0.51,2.81612369193009e-16
"204","PPIA",1.01253721100665e-20,-0.671973712810869,0.192,0.644,3.09846511940144e-16
"205","RPL4",1.2957613295845e-20,-0.682133186704071,0.125,0.571,3.96515924466153e-16
"206","ARPC3",1.79336466782801e-20,-0.71476421772596,0.367,0.769,5.48787522002051e-16
"207","TSPO",1.90772944741306e-20,-0.693058191206627,0.058,0.507,5.83784288202872e-16
"208","UQCRB",2.9711694235575e-20,-0.644343857417595,0.025,0.468,9.09207555302832e-16
"209","RPLP0",3.08965333989753e-20,-0.670065314960355,0.033,0.478,9.45464818542044e-16
"210","TUT7",3.18917509638585e-20,0.760238235874957,0.867,0.644,9.75919471245034e-16
"211","EEF1D",3.90491897938111e-20,-0.632246273536472,0.05,0.493,1.19494425688041e-15
"212","USP32",4.17687360206945e-20,0.685034161935981,0.833,0.488,1.27816509096927e-15
"213","WDFY3",5.03421964262033e-20,0.685024000108008,0.767,0.432,1.54052155283825e-15
"214","CRIP1",5.18787699669658e-20,-0.706010738341737,0.042,0.485,1.58754223975912e-15
"215","PLXDC2",6.42042423614731e-20,0.807652538364155,0.933,0.802,1.96471402050344e-15
"216","ITGA4",1.38933843281152e-19,0.66684631897974,0.95,0.869,4.25151453824653e-15
"217","DIAPH2",1.51070674091022e-19,0.714643049840608,0.942,0.751,4.62291369785935e-15
"218","VIM",1.61038437623071e-19,-0.733616697370079,0.267,0.679,4.92793722970358e-15
"219","CDKN1C",1.77866715614203e-19,-0.697469304718784,0.3,0.714,5.44289936451021e-15
"220","TBXAS1",1.83461940604358e-19,0.666606660546854,0.975,0.893,5.61411884443396e-15
"221","MT-CO1",2.23190064687884e-19,-0.706667795843592,1,1,6.82983916951394e-15
"222","RPS10",2.67687977599322e-19,-0.617345267570839,0.025,0.454,8.19151980251684e-15
"223","FRY",2.70214361016401e-19,0.806700490183879,0.908,0.717,8.26882966146289e-15
"224","WDFY2",6.05695495261873e-19,0.632874142004145,0.825,0.548,1.85348878505086e-14
"225","HLA-DPB1",6.22680806936145e-19,-0.828623538811255,0.275,0.689,1.9054655373053e-14
"226","RPL36AL",6.67428946099173e-19,-0.603735344556758,0.058,0.484,2.04239931795808e-14
"227","TMEM170B",6.77181038129653e-19,0.551648542306912,0.567,0.23,2.07224169478055e-14
"228","GNAQ",7.44363126926386e-19,0.697319440110782,0.9,0.701,2.27782560470743e-14
"229","PABPC1",8.85195273724431e-19,-0.643752927457702,0.667,0.897,2.70878605712413e-14
"230","RASA1",1.33780314875839e-18,0.675584160631168,0.783,0.481,4.09381141551554e-14
"231","NCOA2",2.00792821026328e-18,0.535184620572828,0.992,0.876,6.14446111622667e-14
"232","TIMP1",2.06299232596573e-18,-0.679801861653213,0.092,0.511,6.31296281668774e-14
"233","YWHAB",2.21461082036148e-18,-0.629859285829653,0.308,0.691,6.77693057138816e-14
"234","DOCK5",2.76167125885272e-18,0.544162979501988,0.992,0.85,8.45099021921522e-14
"235","SBF2",3.38109165716454e-18,0.617286985920622,1,0.877,1.03464785800892e-13
"236","PPM1L",3.41462600619915e-18,0.749376117078994,0.892,0.721,1.044909704157e-13
"237","DAPK1",3.74427700826695e-18,0.686786444782433,0.858,0.61,1.14578620729977e-13
"238","ASAP1",4.11173755265672e-18,0.727320577139278,0.892,0.715,1.25823280848848e-13
"239","GMFG",4.22922877269841e-18,-0.596423499548223,0.158,0.587,1.29418629673344e-13
"240","BACH1",4.39962097180394e-18,0.701963460654978,0.892,0.77,1.34632801358172e-13
"241","NDUFA4",4.58645260032057e-18,-0.598951833438048,0.05,0.463,1.4035003602241e-13
"242","VTI1A",5.33006494710252e-18,0.676801104455579,0.85,0.613,1.63105317446284e-13
"243","CPPED1",8.84686591418097e-18,0.750854975613023,0.817,0.593,2.70722943839852e-13
"244","CHCHD2",9.27178498462275e-18,-0.573466861883327,0.042,0.453,2.83725892314441e-13
"245","ARHGDIB",1.17980187347264e-17,-0.605289963392967,0.392,0.77,3.61031171301362e-13
"246","VPS13C",1.26344553832726e-17,0.523000153804154,0.942,0.791,3.86626969183524e-13
"247","AC066613.2",1.28844508777678e-17,0.432295600158551,0.533,0.206,3.94277081310572e-13
"248","GRK3",1.50401389915935e-17,0.643525646139111,0.975,0.914,4.60243293281753e-13
"249","ST8SIA4",1.5996306372676e-17,0.807904415509644,0.7,0.416,4.89502971310258e-13
"250","NEAT1",1.9756331385665e-17,0.667596250352788,0.992,0.996,6.04563496732733e-13
"251","TBC1D22A",2.03400031018117e-17,0.61836565898837,0.925,0.708,6.2242443491854e-13
"252","SMAP2",2.05840206802776e-17,0.643574064273122,0.933,0.808,6.29891616837175e-13
"253","SSH2",2.27209896156994e-17,0.645805598613592,0.975,0.843,6.95285003230016e-13
"254","RNASEK",3.44287333437128e-17,-0.606719752548366,0.183,0.584,1.05355366905095e-12
"255","EVI5",3.80763539151805e-17,0.566896316005849,0.942,0.791,1.16517450615844e-12
"256","DISC1",5.11005731616081e-17,0.668239145648721,0.692,0.377,1.56372863931837e-12
"257","DRAP1",7.21593013479495e-17,-0.580953055355938,0.1,0.497,2.2081467805486e-12
"258","KCNQ1OT1",7.72876283934159e-17,0.540450335702048,0.517,0.213,2.36507871646692e-12
"259","EIF4A1",9.45099250649238e-17,-0.58783501178719,0.242,0.633,2.89209821691173e-12
"260","VMP1",1.01220482420624e-16,0.625034601407868,0.958,0.808,3.09744798255353e-12
"261","BTG1",1.55691772655485e-16,-0.683462722393208,0.283,0.652,4.76432393503049e-12
"262","SETBP1",1.61442063609753e-16,0.761064161306671,0.8,0.55,4.94028858852207e-12
"263","SKAP2",2.8288374486716e-16,0.683026424044715,0.8,0.566,8.65652547667998e-12
"264","IRAK3",3.05436944994247e-16,0.675141294998508,0.933,0.792,9.34667595376895e-12
"265","ZNF710",3.22525673492459e-16,0.585891266719091,0.633,0.316,9.86960813454273e-12
"266","HSP90AB1",3.25207489616329e-16,-0.566126784761417,0.067,0.457,9.95167438974928e-12
"267","SLC11A1",5.13336885355888e-16,0.556779571919282,0.783,0.487,1.57086220287755e-11
"268","GSTP1",5.29201557453661e-16,-0.581662396253082,0.083,0.467,1.61940968596395e-11
"269","IFI30",6.00892797981376e-16,-0.688154501420841,0.592,0.838,1.83879205110281e-11
"270","UBE2E2",6.08593858023863e-16,0.781124098062686,0.85,0.727,1.86235806493882e-11
"271","CYBB",6.85364463166525e-16,0.701802990898843,0.9,0.775,2.09728379373588e-11
"272","GAPDH",7.58391883120882e-16,-0.521105246326512,0.042,0.422,2.32075500153821e-11
"273","TPI1",7.89537593486811e-16,-0.529028103992687,0.1,0.481,2.41606398982899e-11
"274","CD52",8.67666332423289e-16,-0.66883074383221,0.242,0.61,2.65514574384851e-11
"275","LINC01504",9.2990439299715e-16,0.419180369796605,0.383,0.124,2.84560043301058e-11
"276","RNF144B",1.01608643769398e-15,0.934920825482665,0.775,0.558,3.10932610798734e-11
"277","CLEC1B",1.15442442735189e-15,0.280015168217687,0.242,0.054,3.53265419013952e-11
"278","SARAF",1.26933835173529e-15,-0.619047562801839,0.3,0.658,3.88430229014517e-11
"279","INPP4A",1.83237984475559e-15,0.610839663593446,0.75,0.491,5.60726556293657e-11
"280","SVIL",2.41420859045186e-15,0.605341581325996,0.825,0.593,7.38771970764174e-11
"281","PDK4",2.55373411595433e-15,0.433255431888313,0.4,0.138,7.81468176823184e-11
"282","PTPRJ",2.9303698662743e-15,0.616187780917183,0.9,0.705,8.96722482778598e-11
"283","NPC2",4.66544722812326e-15,-0.587308664741496,0.208,0.57,1.427673506278e-10
"284","PRELID1",4.90329881322148e-15,-0.545595319736013,0.067,0.433,1.50045846983391e-10
"285","MEF2A",5.34555907658205e-15,0.572776322848438,0.917,0.761,1.63579453302487e-10
"286","AC087286.2",6.72534941730021e-15,0.296785297099351,0.308,0.086,2.05802417518804e-10
"287","CD37",6.76795461537985e-15,-0.525143175587713,0.117,0.496,2.07106179185239e-10
"288","LPP",7.36937252974102e-15,0.598662172218691,0.908,0.775,2.25510168782605e-10
"289","LY6E",7.83673017751759e-15,-0.595192846022359,0.067,0.429,2.39811780162216e-10
"290","NABP1",8.23286458273058e-15,0.416196135433386,0.408,0.147,2.51933889096139e-10
"291","PYCARD",8.9705607104424e-15,-0.559636089923083,0.1,0.464,2.74508128300248e-10
"292","PAG1",9.30840971488068e-15,0.612416304067299,0.933,0.803,2.84846645685064e-10
"293","WASHC4",9.60490663872575e-15,0.511806871428039,0.867,0.667,2.93919748051647e-10
"294","ATP6V0C",1.06109999315791e-14,-0.516180602295574,0.092,0.455,3.24707208906251e-10
"295","HGF",1.06721381650553e-14,0.314334415030788,0.25,0.061,3.26578099988857e-10
"296","PDGFC",1.19000624970257e-14,0.508613780164121,0.425,0.159,3.64153812471484e-10
"297","PSME1",1.20909360864568e-14,-0.548632517486825,0.075,0.436,3.69994735181665e-10
"298","XPR1",1.28275664199027e-14,0.618914230468105,0.692,0.413,3.92536360015442e-10
"299","NBPF26",1.43940809229054e-14,0.454506172011483,0.633,0.316,4.40473270321828e-10
"300","RELCH",1.54282239949247e-14,0.487924404499729,0.692,0.381,4.7211908246869e-10
"301","CTSS",1.60558457397624e-14,-0.539996114328537,0.942,0.98,4.9132493548247e-10
"302","COX8A",1.8068651744207e-14,-0.499715214102645,0.017,0.363,5.52918812024478e-10
"303","UBB",1.82462872379003e-14,-0.502573115535904,0.058,0.414,5.58354635766987e-10
"304","VPS13B",2.12697026469223e-14,0.535908136125274,0.925,0.765,6.50874170698469e-10
"305","PSMA7",2.23626124813267e-14,-0.497774327732644,0.075,0.436,6.84318304541079e-10
"306","TMBIM6",2.2712789884543e-14,-0.50391936120872,0.175,0.545,6.950340832569e-10
"307","LINC02432",2.40780864268271e-14,0.690892066032386,0.567,0.289,7.36813522747336e-10
"308","HLA-DRB5",2.70323222635602e-14,-0.6675123191276,0.325,0.667,8.27216093587207e-10
"309","CLIC1",2.71764254773633e-14,-0.518466060264049,0.092,0.448,8.31625796032796e-10
"310","RABGAP1L",2.86713551286789e-14,0.614319957037473,0.908,0.782,8.77372138292702e-10
"311","MT-ND5",3.26045151709483e-14,-0.54355990832115,0.892,0.998,9.97730768746188e-10
"312","NOP53",3.2774019729084e-14,-0.479562995086811,0.008,0.347,1.0029177777297e-09
"313","ATP5MG",3.4192910523319e-14,-0.497774327732644,0.083,0.438,1.04633725492409e-09
"314","OXR1",4.06644069358756e-14,0.610228567908677,0.692,0.437,1.24437151664473e-09
"315","TTC17",4.64032474387769e-14,0.592088221870686,0.758,0.507,1.41998577487401e-09
"316","FTX",4.67619558719818e-14,0.502599884794792,0.75,0.46,1.43096261163851e-09
"317","ZCCHC7",5.10016873377453e-14,0.565282650333925,0.692,0.384,1.56070263422235e-09
"318","PHTF2",5.21109479630607e-14,0.556324142339271,0.883,0.746,1.59464711861762e-09
"319","SLC8A1-AS1",5.70293532363726e-14,0.572723583686513,0.65,0.353,1.74515523838624e-09
"320","BTF3",5.7095690865076e-14,-0.485630871444804,0.042,0.386,1.74718523616219e-09
"321","MED13L",5.9588783131496e-14,0.489823318125832,0.983,0.943,1.82347635260691e-09
"322","COX6A1",6.69160010531697e-14,-0.482567173031001,0.042,0.384,2.04769654822805e-09
"323","MBD5",6.72862287129804e-14,0.704404224853758,0.683,0.431,2.05902588484591e-09
"324","TBC1D5",6.98595977350666e-14,0.654273114392179,0.9,0.744,2.13777355029077e-09
"325","FOXP1",9.32992869652695e-14,0.533397611811366,0.983,0.916,2.85505148042421e-09
"326","HMGB1",9.42004037145573e-14,-0.530587275661633,0.275,0.616,2.88262655406917e-09
"327","EEF2",1.37794787485675e-13,-0.455034570830026,0.042,0.382,4.21665829184913e-09
"328","ARAP2",1.43865625095822e-13,0.550618189798695,0.925,0.754,4.40243199355724e-09
"329","S100A10",1.49849427252652e-13,-0.533529103945382,0.1,0.452,4.5855423233584e-09
"330","ETV6",1.61824119886353e-13,0.570023486904188,0.842,0.6,4.95197989264228e-09
"331","ARHGAP15",1.64530161524084e-13,0.735579637790116,0.925,0.782,5.03478747279851e-09
"332","LSP1",1.72613081774252e-13,-0.50886756446729,0.192,0.552,5.28213291537388e-09
"333","ELMO1",1.82946875672268e-13,0.591618268867329,0.7,0.446,5.59835734244708e-09
"334","SRGAP2B",1.94566207481208e-13,0.401912055833807,0.575,0.272,5.95392051513245e-09
"335","TMLHE-AS1",1.95781357699961e-13,0.366295956930872,0.3,0.09,5.9911053269765e-09
"336","COX6B1",1.99123421892197e-13,-0.463425635539119,0.042,0.376,6.0933758333231e-09
"337","PRKCB",2.1538100756097e-13,0.538404561611719,0.958,0.929,6.59087421237325e-09
"338","CEBPB",2.45660387672933e-13,-0.562474503882542,0.367,0.667,7.51745352317943e-09
"339","MEF2C",2.55292075126139e-13,0.663662968475171,0.85,0.683,7.81219279093499e-09
"340","SRP14",2.68735038957396e-13,-0.474313546885324,0.058,0.394,8.22356092713527e-09
"341","RBM3",2.90300376771879e-13,-0.49257433567924,0.1,0.439,8.88348182959627e-09
"342","SPATA6",2.98171935020452e-13,0.529564715008271,0.617,0.322,9.12435938356084e-09
"343","CELF2",2.98475212185697e-13,0.446839722218697,0.992,0.96,9.13363996809452e-09
"344","DOCK11",3.2891062963684e-13,0.468248728072937,0.783,0.523,1.00649941775169e-08
"345","INSYN2B",3.39101038614151e-13,0.427950818082007,0.492,0.217,1.03768308826316e-08
"346","ZSWIM6",3.5296454097753e-13,0.64820361421031,0.917,0.763,1.08010679184534e-08
"347","C9orf72",3.61873696757532e-13,0.417135326500629,0.867,0.589,1.10736969944772e-08
"348","HIST1H1E",3.86566609177368e-13,0.386671917271292,0.4,0.154,1.18293248074366e-08
"349","ZFAS1",3.90919943815466e-13,-0.469900039982728,0.083,0.428,1.19625412006971e-08
"350","CALHM6",4.26835767777035e-13,-0.567933073445761,0.117,0.455,1.30616013297451e-08
"351","WSB1",4.50324230952723e-13,0.512973360160952,0.842,0.616,1.37803717913843e-08
"352","FOXN3",4.97745938382096e-13,0.587358984000443,0.867,0.672,1.52315234604305e-08
"353","ANKUB1",6.15617121307311e-13,0.57549286993317,0.642,0.394,1.8838499529125e-08
"354","CEP85L",6.66162451848033e-13,0.552262063490255,0.608,0.338,2.03852371890017e-08
"355","TET2",7.03608238867606e-13,0.536307996172426,0.833,0.626,2.15311157175876e-08
"356","ANKS1A",7.06267470187995e-13,0.482832051217374,0.642,0.345,2.16124908552228e-08
"357","UGGT2",7.07326440069994e-13,0.465918668281028,0.467,0.205,2.16448963925819e-08
"358","JAZF1",7.18692951837871e-13,0.604551990588052,0.767,0.486,2.19927230191907e-08
"359","TUBA1B",9.22385121354529e-13,-0.553659053471194,0.133,0.466,2.82259070985699e-08
"360","PSME2",1.27942190482418e-12,-0.564717555678766,0.108,0.442,3.91515897095248e-08
"361","NUMB",1.32895336857885e-12,0.495168059906153,0.858,0.653,4.06673020318815e-08
"362","ZBTB20",1.49121107595756e-12,0.638778107836932,0.908,0.759,4.56325501353774e-08
"363","MAPKAP1",1.49872323054928e-12,0.488926115565533,0.6,0.331,4.58624295780385e-08
"364","RERE",2.09958725122558e-12,0.580850752484242,0.725,0.439,6.42494694747539e-08
"365","COMMD10",2.2960553800639e-12,0.578744359424559,0.683,0.429,7.02615906853353e-08
"366","LRRC8D",2.38474483140096e-12,0.507110355601137,0.517,0.256,7.29755765857008e-08
"367","RGS18",2.40961961218496e-12,0.450055444492419,0.55,0.275,7.3736769752472e-08
"368","HLA-DRB1",2.45503439749239e-12,-0.540233558700567,0.458,0.778,7.51265075976646e-08
"369","DOCK10",2.56347197521534e-12,0.644515159383658,0.742,0.514,7.84448059135648e-08
"370","CD68",2.73750197620346e-12,-0.452984857179125,0.075,0.395,8.3770297973802e-08
"371","SLC25A3",2.80015578040398e-12,-0.469031340313311,0.15,0.478,8.56875670361422e-08
"372","WDR70",2.88531364719652e-12,0.489459360827892,0.742,0.483,8.82934829178607e-08
"373","FBN2",2.89858426582259e-12,0.376076977723457,0.25,0.071,8.86995771184372e-08
"374","PSMB9",3.30731816152484e-12,-0.524255901862899,0.125,0.449,1.01207243060822e-07
"375","STX7",3.90077817852787e-12,0.47654557926978,0.758,0.507,1.19367713041131e-07
"376","PGK1",4.11313022768751e-12,-0.467171950670883,0.333,0.659,1.25865898097465e-07
"377","NAP1L1",4.52894771148861e-12,-0.513007491360586,0.717,0.879,1.38590328919263e-07
"378","TRAPPC5",4.84780316391204e-12,-0.428588202871658,0.067,0.381,1.48347624618872e-07
"379","INSL6",5.06158209484199e-12,0.335762277134227,0.35,0.126,1.5488947368426e-07
"380","SHTN1",5.44007231835294e-12,0.345171191184946,0.333,0.117,1.66471653013918e-07
"381","GSAP",5.69986363069291e-12,0.489247500071404,0.5,0.244,1.74421526962834e-07
"382","PSMB1",5.95380329644233e-12,-0.441066051942816,0.092,0.408,1.82192334674432e-07
"383","AL139807.1",6.02175371536934e-12,0.35464187097795,0.333,0.119,1.84271685444017e-07
"384","MACF1",7.51067409978101e-12,0.492128547603877,0.783,0.588,2.29834138127399e-07
"385","KANSL1L",7.99520210567283e-12,0.451604071346072,0.517,0.254,2.44661179635694e-07
"386","CD36",8.5003922052455e-12,0.379445261978523,0.3,0.1,2.60120501872717e-07
"387","SUMO2",8.71432994345858e-12,-0.438503671736741,0.083,0.403,2.66667210599776e-07
"388","ATP2B1",9.70075020620416e-12,0.54556065400694,0.975,0.848,2.96852657060054e-07
"389","ACER3",1.00282908790215e-11,0.534212324518285,0.625,0.344,3.06875729188937e-07
"390","SOD1",1.05918544507279e-11,-0.455083026830571,0.067,0.374,3.24121338046725e-07
"391","ENO1",1.13571001288094e-11,-0.459712360053549,0.2,0.522,3.47538621041696e-07
"392","ME2",1.17454929024721e-11,0.371059481939587,0.567,0.28,3.59423828308549e-07
"393","AC009093.2",1.21589922523114e-11,0.529891868207162,0.433,0.199,3.72077321912981e-07
"394","COX6C",1.24298562679437e-11,-0.452121240451812,0.083,0.392,3.80366031655344e-07
"395","ATP5MC2",1.26053113819678e-11,-0.438350462471914,0.075,0.382,3.85735133599597e-07
"396","DGKG",1.4356562948347e-11,0.40991541775661,0.508,0.235,4.39325182782367e-07
"397","TMEM260",1.46697445547104e-11,0.326446490542347,0.325,0.116,4.48908853118694e-07
"398","HNRNPA1",1.54135555708048e-11,-0.434775404970182,0.142,0.458,4.71670214022197e-07
"399","USP15",1.63869109375135e-11,0.475479705710714,0.942,0.839,5.01455861598851e-07
"400","ATP6V1G1",1.81401948669667e-11,-0.41607750237324,0.058,0.36,5.55108103124047e-07
"401","SRBD1",1.83209111599656e-11,0.586769057799816,0.6,0.366,5.60638202406106e-07
"402","S100A9",1.91525287431017e-11,-0.558078533220094,0.108,0.413,5.86086532067655e-07
"403","FAM172A",1.9914353779405e-11,0.562143622810056,0.85,0.668,6.09399140003573e-07
"404","ALPK1",2.23067726651641e-11,0.402204209581614,0.508,0.24,6.82609550326686e-07
"405","EDF1",2.46462269537722e-11,-0.403660505825123,0.033,0.325,7.54199191012384e-07
"406","TCF12",2.52392421684049e-11,0.606238954750876,0.808,0.644,7.72346049595357e-07
"407","EIF3F",2.90651226548102e-11,-0.398583740417776,0.058,0.363,8.89421818359848e-07
"408","CEPT1",2.96505924126053e-11,0.422849946389142,0.567,0.303,9.07337778418134e-07
"409","SPG11",3.04407932513828e-11,0.510124064368771,0.75,0.525,9.31518714285564e-07
"410","C2CD5",3.08157533527782e-11,0.491284512753885,0.708,0.475,9.42992868348367e-07
"411","ARHGAP25",3.20389499824585e-11,0.532455839302154,0.833,0.605,9.80423908413212e-07
"412","COX7A2",3.52943284001002e-11,-0.411589892548643,0.05,0.343,1.08004174337146e-06
"413","KMT2C",3.98242795461348e-11,0.388139107498868,0.967,0.896,1.21866277839127e-06
"414","CARMIL1",4.01130473054389e-11,0.402453720397913,0.4,0.168,1.22749936059374e-06
"415","LAMTOR4",4.45210095292942e-11,-0.454833631680459,0.175,0.48,1.36238741260593e-06
"416","ATG4C",4.57990853013373e-11,0.272680888698938,0.233,0.067,1.40149780930622e-06
"417","ERBIN",4.64764177319186e-11,0.482324923070766,0.825,0.585,1.42222485901444e-06
"418","HINT1",4.71534573320991e-11,-0.395615088633391,0.017,0.3,1.44294294781956e-06
"419","PUDP",4.74002246171509e-11,0.368419338023381,0.375,0.15,1.45049427350943e-06
"420","HLA-F",5.05109823316469e-11,-0.449410161080211,0.15,0.455,1.54568657033073e-06
"421","CDKN2D",5.2356470132399e-11,-0.412425539369912,0.083,0.381,1.60216034252154e-06
"422","HIGD2A",5.79709626456483e-11,-0.410310907499551,0.05,0.339,1.77396942791948e-06
"423","TSC22D3",5.82827624541376e-11,-0.471071534193172,0.217,0.515,1.78351081385906e-06
"424","PSMB8",6.00148371640919e-11,-0.437413964073795,0.058,0.349,1.83651403205838e-06
"425","TNFAIP2",6.18102091417549e-11,0.37764241762549,0.658,0.377,1.89145420994684e-06
"426","CCNH",6.45526787958869e-11,0.504315911325215,0.608,0.35,1.97537652383294e-06
"427","FXYD5",6.84589696036447e-11,-0.425422449417669,0.075,0.368,2.09491292884113e-06
"428","SET",6.88332621774681e-11,-0.416753318611095,0.083,0.378,2.1063666558927e-06
"429","AC053513.1",7.17889234182662e-11,0.429392792255914,0.508,0.267,2.19681284552236e-06
"430","SNRPB",8.340839563078e-11,-0.393337355688606,0.058,0.35,2.5523803146975e-06
"431","AC024084.1",8.47025717266833e-11,0.353383297378215,0.4,0.169,2.59198339740824e-06
"432","MAPK14",9.47151222028837e-11,0.421104820930328,0.65,0.392,2.89837745453044e-06
"433","CAPNS1",1.08040368386284e-10,-0.422161933712225,0.125,0.421,3.30614331298868e-06
"434","SPIDR",1.20411471450728e-10,0.52688063715797,0.775,0.597,3.68471143786373e-06
"435","CPQ",1.20984739763528e-10,0.490176493025152,0.825,0.654,3.70225402150373e-06
"436","ITSN2",1.3100875107397e-10,0.434938071501597,0.908,0.753,4.00899879161456e-06
"437","SASH1",1.33623399643157e-10,0.396937389153113,0.375,0.156,4.08900965248023e-06
"438","CNTLN",1.38069949021469e-10,0.467728309370091,0.525,0.275,4.22507851000599e-06
"439","ITGB2",1.38306328280559e-10,-0.452865560408746,0.4,0.666,4.23231195171338e-06
"440","AKAP13",1.4702892765841e-10,0.457394948979178,0.933,0.829,4.49923221527499e-06
"441","STK3",1.47979697254789e-10,0.497892729303394,0.608,0.356,4.5283267156938e-06
"442","TYMP",1.48388081244386e-10,-0.604274920509481,0.6,0.765,4.54082367415946e-06
"443","FAM49B",1.52902678028557e-10,0.42739506051613,0.9,0.793,4.67897485035188e-06
"444","KLF2",1.64467843168098e-10,-0.47488314814319,0.3,0.587,5.03288046878695e-06
"445","GDAP1",1.72369196127839e-10,0.329153536617956,0.25,0.08,5.274669770708e-06
"446","DUSP1",1.9207169574577e-10,-0.508978550969279,0.308,0.59,5.87758596151632e-06
"447","SNAPC3",2.12346257843967e-10,0.399077167828442,0.742,0.463,6.49800783628322e-06
"448","CFP",2.15681961506258e-10,-0.411354375219648,0.1,0.391,6.60008370405299e-06
"449","ZFAND3",2.17893538951134e-10,0.45638201571798,0.942,0.839,6.66776018544364e-06
"450","KYNU",2.27121284203038e-10,0.517016657563666,0.825,0.678,6.95013841789716e-06
"451","DNAJC13",2.31359755864798e-10,0.365262454836198,0.492,0.248,7.07983988921868e-06
"452","CHD9",2.5216568807723e-10,0.459377941218752,0.8,0.592,7.71652222085132e-06
"453","PPP1CA",3.09283328805886e-10,-0.399511606724622,0.092,0.375,9.46437914478892e-06
"454","SSR2",3.16743527258819e-10,-0.373967586296664,0.033,0.302,9.69266867764712e-06
"455","TUBA1A",3.3719380695732e-10,-0.458132478485674,0.208,0.493,1.03184676867009e-05
"456","POLK",3.54313491918727e-10,0.428740136718482,0.55,0.31,1.0842347166205e-05
"457","H2AFZ",4.17039774542383e-10,-0.386838258086194,0.042,0.311,1.27618341407715e-05
"458","GANC",4.34931422280523e-10,0.306010376750632,0.317,0.121,1.33093364532063e-05
"459","RHOC",4.44150691732334e-10,-0.433819347509545,0.092,0.371,1.35914553177011e-05
"460","IKZF1",4.59532363436953e-10,0.584542441017828,0.642,0.446,1.40621498535342e-05
"461","PHIP",4.63879294918076e-10,0.479483840272137,0.8,0.622,1.4195170303788e-05
"462","BMP2K",4.81056272988973e-10,0.44657930307259,0.542,0.294,1.47208030097356e-05
"463","FCGRT",5.08085158451815e-10,-0.409604116048084,0.117,0.399,1.5547913933784e-05
"464","KLF6",5.41331849686835e-10,-0.551102619877782,0.358,0.625,1.65652959322668e-05
"465","ATXN1",5.61727152040911e-10,0.52084611950897,0.608,0.377,1.71894125796039e-05
"466","MERTK",6.11452920315818e-10,0.474480681784452,0.333,0.138,1.87110708145843e-05
"467","CAP1",6.2548487020966e-10,-0.429370545168106,0.383,0.662,1.91404625132858e-05
"468","KSR1",6.26300491599435e-10,0.40276629021056,0.483,0.244,1.91654213434343e-05
"469","RB1",6.42550192080076e-10,0.513938035558891,0.758,0.567,1.96626784278424e-05
"470","FAM168A",6.54425216415594e-10,0.308099495687238,0.4,0.175,2.00260660475336e-05
"471","ARL6IP4",6.94036153583928e-10,-0.37641167823829,0.1,0.382,2.12382003358218e-05
"472","PTEN",7.29983847895904e-10,0.470405660517557,0.725,0.502,2.23382357294626e-05
"473","ITPR2",7.32648907375781e-10,0.507809039574301,0.767,0.535,2.24197892146063e-05
"474","HCST",7.34858420396312e-10,-0.392285032144597,0.05,0.316,2.24874025225476e-05
"475","ARL6IP5",7.57836558312993e-10,-0.434158928493878,0.317,0.595,2.31905565209359e-05
"476","RHOA",7.63466046604636e-10,-0.423001237608102,0.4,0.675,2.33628244921485e-05
"477","UBN2",7.68110268639255e-10,0.292674836203521,0.317,0.121,2.35049423306298e-05
"478","PAN3",7.7102082541989e-10,0.40756843092077,0.933,0.769,2.3594008278674e-05
"479","ID2",8.2371412756265e-10,-0.480604457350769,0.308,0.585,2.52064760175447e-05
"480","FBXL17",8.57865095403916e-10,0.584295776206759,0.708,0.514,2.62515297844552e-05
"481","UQCR11",8.60422113069348e-10,-0.36191716322637,0.033,0.293,2.63297770820351e-05
"482","ADAM10",9.26312523930008e-10,0.463075918512202,0.842,0.722,2.83460895447822e-05
"483","COX5B",9.69371263984598e-10,-0.387920374971489,0.083,0.362,2.96637300491927e-05
"484","MT2A",1.03045340715628e-09,-0.43063983976848,0.05,0.312,3.15329047123894e-05
"485","LAPTM5",1.03144407994828e-09,-0.418604114299036,0.333,0.624,3.15632202904975e-05
"486","BST2",1.06790835175343e-09,-0.382327322363092,0.1,0.374,3.26790634720068e-05
"487","CIRBP",1.09056325461017e-09,-0.380782648864069,0.192,0.483,3.33723261543258e-05
"488","SLC25A5",1.13079580349162e-09,-0.373668882835387,0.042,0.301,3.46034823826472e-05
"489","RIC1",1.1743685612886e-09,0.410852967556913,0.8,0.621,3.59368523439923e-05
"490","UVRAG",1.32766330587712e-09,0.42113074653419,0.8,0.572,4.06278248231457e-05
"491","NKTR",1.37254599783138e-09,0.396478169783179,0.883,0.723,4.20012800796381e-05
"492","PAK1",1.40238256878982e-09,0.418522707036996,0.642,0.397,4.29143089875372e-05
"493","EID1",1.46966835928989e-09,-0.353970161525073,0.025,0.276,4.49733214626299e-05
"494","TAOK3",1.62516730882034e-09,0.438645105494111,0.9,0.802,4.97317448172112e-05
"495","REPS1",1.72033743508294e-09,0.40243746249921,0.583,0.347,5.2644045850973e-05
"496","PSMB10",1.9801223804761e-09,-0.387833826251318,0.075,0.338,6.05937249649491e-05
"497","MDFIC",2.06242976557916e-09,0.484098684346049,0.433,0.222,6.31124132564879e-05
"498","RAB10",2.11422500156435e-09,0.390360060620225,0.8,0.592,6.46973992728708e-05
"499","EPB41L3",2.17678909059621e-09,0.438712914236746,0.675,0.447,6.66119229613347e-05
"500","SLCO3A1",2.20487168532715e-09,0.488722143411808,0.783,0.627,6.74712784426961e-05
"501","CDK6",2.34755912574599e-09,0.46734214648323,0.408,0.202,7.18376568069529e-05
"502","SSR4",2.36640766171694e-09,-0.341003025029172,0.017,0.259,7.24144408562002e-05
"503","AP3B1",2.41824009095472e-09,0.453640338502591,0.792,0.613,7.40005650233053e-05
"504","MKLN1",2.52287091637447e-09,0.399991875815355,0.733,0.494,7.72023729119752e-05
"505","ATP6V0B",2.90247913083797e-09,-0.388003072231027,0.125,0.392,8.88187638827727e-05
"506","CSTB",3.09308785981221e-09,-0.369951587061979,0.075,0.335,9.46515815981134e-05
"507","NHSL1",3.12205541947873e-09,0.352577195205083,0.4,0.181,9.55380178914687e-05
"508","CHMP2A",3.17076670581696e-09,-0.326918890715104,0,0.231,9.70286319647047e-05
"509","SIPA1L2",3.60571947443839e-09,0.296637583404142,0.3,0.118,0.000110338621637289
"510","TMEM131L",4.33628915928643e-09,0.484849806848225,0.708,0.515,0.000132694784563324
"511","TRIR",4.41761087535671e-09,-0.342705637134353,0.067,0.325,0.000135183310396791
"512","APLP2",4.47517159604871e-09,-0.430815632535058,0.425,0.665,0.000136944726010687
"513","ELOB",4.57332372009331e-09,-0.359999650507278,0.058,0.31,0.000139948279158575
"514","AC079793.1",4.58202465190507e-09,0.495641738794932,0.583,0.354,0.000140214536372947
"515","COPE",5.27070529794519e-09,-0.359632758693222,0.075,0.33,0.000161288852822421
"516","RAC1",5.28108053500949e-09,-0.383428524969962,0.175,0.446,0.000161606345451825
"517","TMTC2",5.46818010158916e-09,0.571488928034874,0.5,0.3,0.00016733177928873
"518","USP3",5.56703959473776e-09,0.427680394380228,0.908,0.774,0.00017035697863857
"519","RAC2",5.74356486252053e-09,-0.355094958822562,0.075,0.329,0.000175758828357991
"520","MAP3K5",6.0634782189673e-09,0.39786628670197,0.667,0.449,0.000185548496978618
"521","JMJD1C",6.1137251108528e-09,0.385935792151514,0.917,0.793,0.000187086102117207
"522","ATP10D",6.15241584264193e-09,0.29988205925951,0.417,0.197,0.000188270077200686
"523","NME2",6.15725302288069e-09,-0.345615595359681,0.042,0.285,0.000188418099753172
"524","CROCC2",6.16454429114227e-09,0.260043831963554,0.358,0.153,0.000188641219853245
"525","ZNF638",6.2019338265976e-09,0.367941945294355,0.658,0.416,0.000189785377027713
"526","SMAD2",6.23554121572175e-09,0.463031544962306,0.625,0.418,0.000190813796742301
"527","ASCC3",6.43287982149783e-09,0.459055769985728,0.7,0.501,0.000196852555417655
"528","TRIO",6.86123403604879e-09,0.406185401094589,0.683,0.442,0.000209960622737129
"529","FGL2",7.24586336598005e-09,-0.470035487440647,0.525,0.71,0.000221730664862355
"530","EXOC4",7.26068042779736e-09,0.439069933341333,0.8,0.642,0.000222184081771027
"531","LYPLAL1",7.35513264897987e-09,0.312787441030893,0.367,0.163,0.000225074414191433
"532","NDUFS6",7.88899687114692e-09,-0.355094958822562,0.075,0.326,0.000241411193253967
"533","CHST15",8.36404778568412e-09,0.43367378958379,0.733,0.506,0.00025594822628972
"534","CAMK1D",8.55266446634339e-09,0.442040168539117,0.875,0.727,0.000261720085334574
"535","ABHD15-AS1",9.89594185818219e-09,0.361351219220939,0.5,0.269,0.000302825716802233
"536","PARP14",1.02088266107868e-08,0.401417219594728,0.708,0.515,0.000312400303116687
"537","PPIB",1.04805273158663e-08,-0.323566324487716,0.017,0.244,0.000320714616392824
"538","DDX24",1.0540772269401e-08,-0.366004754669028,0.125,0.381,0.000322558172215939
"539","ANXA1",1.09916262329157e-08,-0.43885445061132,0.217,0.488,0.000336354754353453
"540","ST6GAL1",1.11225199577356e-08,0.505564472741318,0.517,0.303,0.000340360233226668
"541","HSPA5",1.11441454718247e-08,-0.33748837981458,0.05,0.291,0.000341021995583307
"542","VCAN",1.15906816460447e-08,0.387437475814535,0.283,0.112,0.000354686449050613
"543","PIK3C3",1.16220647011057e-08,0.340821595572899,0.5,0.27,0.000355646801918536
"544","SEZ6L",1.167083694871e-08,0.342701652035415,0.308,0.127,0.000357139281467475
"545","P2RX7",1.18545019021388e-08,0.319888949613764,0.342,0.151,0.000362759612707348
"546","ATP11A",1.24256145819404e-08,0.386700651038841,0.758,0.592,0.000380236231821959
"547","MYCBP2",1.3582532830895e-08,0.346092574833689,0.908,0.786,0.000415639087158219
"548","HSPA8",1.37269334381125e-08,-0.353932892557607,0.067,0.31,0.00042005789013968
"549","CD63",1.40636272075564e-08,-0.351924268900167,0.025,0.254,0.000430361056178435
"550","ENTPD1",1.4312350228035e-08,0.301344430962586,0.283,0.111,0.000437972229328099
"551","ATP5F1B",1.66152576167963e-08,-0.352006365570012,0.108,0.359,0.000508443498331582
"552","VPS8",1.66528077684707e-08,0.375794195997442,0.525,0.298,0.000509592570522973
"553","SRSF3",1.68064873773861e-08,-0.349283053795129,0.117,0.372,0.000514295320235393
"554","SLC16A7",1.80322021034328e-08,0.49483526713842,0.483,0.285,0.000551803416567146
"555","MBNL3",1.86761697221828e-08,0.257440109466619,0.25,0.091,0.000571509469668515
"556","ULK2",2.00755254215816e-08,0.378342390178557,0.508,0.288,0.00061433115342582
"557","ANKRD17",2.03596700455008e-08,0.316292675807606,0.783,0.543,0.000623026263062369
"558","UBE2W",2.05113120463539e-08,0.410090279969006,0.625,0.422,0.000627666659930475
"559","PCBP1",2.09208252861319e-08,-0.302210917102103,0.033,0.262,0.000640198174580921
"560","UBAC2",2.23667573118062e-08,0.367921528979914,0.675,0.456,0.000684445140498583
"561","ENTPD1-AS1",2.38639809543424e-08,0.359003464364516,0.367,0.173,0.000730261681183832
"562","CCDC26",2.41319291089086e-08,0.975610620854882,0.567,0.412,0.000738461162661713
"563","SNHG8",2.441234209717e-08,-0.317391862940738,0.025,0.248,0.0007470420805155
"564","PIP4K2A",2.441758708834e-08,0.44324593749878,0.7,0.515,0.000747202582490291
"565","RPS6KC1",2.5506864295084e-08,0.401347589598546,0.7,0.488,0.000780535554293864
"566","MRTFA",2.63892238688637e-08,0.37401603521954,0.6,0.366,0.000807536639611098
"567","FAM49A",2.77144142988963e-08,0.412376815240312,0.958,0.876,0.000848088791960525
"568","JUND",2.79863070805046e-08,-0.318381279486791,0.042,0.27,0.000856408982970522
"569","LGALS3",2.89421755997239e-08,-0.357856816211999,0.067,0.303,0.000885659515527151
"570","DIP2B",2.90464412394146e-08,0.403172602039724,0.567,0.348,0.000888850148367326
"571","MBD2",2.95092973444838e-08,0.391530206005055,0.717,0.505,0.00090301400803855
"572","H1FX",3.23555762591296e-08,-0.349891364215022,0.067,0.304,0.000990112989105624
"573","COX7B",3.28761688117796e-08,-0.335473575572575,0.058,0.291,0.00100604364180927
"574","PLXNC1",3.43040894045192e-08,0.464208300515925,0.683,0.502,0.00104973943986769
"575","PRDX5",3.48038497994886e-08,-0.300222379852121,0.017,0.232,0.00106503260771415
"576","EXT1",3.49554067273844e-08,0.613817363393341,0.642,0.465,0.00106967040126469
"577","CPNE8",3.86107508302353e-08,0.406925452129983,0.508,0.306,0.00118152758615603
"578","TLN1",4.06927836225853e-08,-0.361140960851908,0.358,0.608,0.00124523987163473
"579","BIRC6",4.07709037383849e-08,0.354359400547093,0.9,0.783,0.00124763042529832
"580","SPCS1",4.08483213700719e-08,-0.308726496526663,0.042,0.267,0.00124999948224557
"581","NDUFB7",4.32922923956586e-08,-0.307805475895296,0.033,0.254,0.00132478743959955
"582","LTB",4.69506044363629e-08,-0.377003209832263,0.075,0.308,0.00143673544635714
"583","UBL5",4.83908054815304e-08,-0.312182055162882,0.042,0.265,0.00148080703854031
"584","LINC00877",4.86772645389838e-08,0.278149211879677,0.342,0.152,0.00148957297215744
"585","TPK1",5.13988173710633e-08,0.489774124556304,0.642,0.448,0.00157285521037191
"586","AFF1",5.70379810323927e-08,0.299502452615854,0.442,0.228,0.00174541925757225
"587","PTGES3",5.8827864161443e-08,-0.362421278905912,0.25,0.524,0.00180019147120432
"588","PLAAT4",5.98356887029254e-08,-0.308754854447447,0.017,0.226,0.00183103190999822
"589","MAP3K1",6.18982092432477e-08,0.378455827030689,0.942,0.931,0.00189414710105262
"590","GSTK1",6.19311198624154e-08,-0.345540652109313,0.183,0.434,0.00189515419890977
"591","SYK",6.36250544751111e-08,0.391185520400801,0.758,0.592,0.00194699029199287
"592","HACD4",6.49174942622046e-08,0.284149469680302,0.325,0.144,0.00198654024191772
"593","HCK",6.4968787637417e-08,0.397152455255706,0.875,0.72,0.0019881098704926
"594","HERC4",6.57722396593575e-08,0.402319823798001,0.542,0.331,0.002012696305816
"595","FAM13A",6.76242875461577e-08,0.282324404470445,0.267,0.107,0.00206937082319997
"596","NCL",6.79360479670107e-08,-0.35475763227441,0.233,0.489,0.0020789110038385
"597","SELENOH",7.11524302326645e-08,-0.309162298456728,0.05,0.275,0.00217733551754977
"598","PSMB4",7.52713625316993e-08,-0.295937143906799,0.017,0.224,0.00230337896483253
"599","TOMM20",7.62897312280361e-08,-0.291294980984383,0.025,0.236,0.00233454206530913
"600","LDLRAD3",7.78989184586743e-08,0.290382537255824,0.333,0.152,0.00238378480375389
"601","NKG7",8.31195088077869e-08,-0.395905066039902,0.008,0.21,0.00254354008902709
"602","KDM4C",8.50765278098383e-08,0.397471318123815,0.758,0.571,0.00260342682750886
"603","KIAA1109",8.75357611536705e-08,0.346771402988023,0.808,0.632,0.00267868182706347
"604","NBPF14",8.82936034169183e-08,0.267326015466166,0.433,0.222,0.00270187255816112
"605","ERP29",8.86406040464318e-08,-0.317231782268505,0.092,0.324,0.00271249112442486
"606","FBXO38",9.09878121913477e-08,0.303215686178769,0.425,0.222,0.00278431804086743
"607","GPX4",9.45336543717143e-08,-0.2965945789497,0.033,0.246,0.00289282435742883
"608","NDUFA1",9.50641939861289e-08,-0.318027159547459,0.092,0.326,0.00290905940016953
"609","DICER1",1.04993499621685e-07,0.374633023577321,0.708,0.538,0.00321290608192318
"610","ATP5MF",1.06280559204705e-07,-0.2965945789497,0.033,0.245,0.00325229139222318
"611","PRDX1",1.11194223567171e-07,-0.320141475413348,0.067,0.29,0.00340265443537901
"612","TKT",1.13406020098964e-07,-0.358870165593238,0.308,0.553,0.00347033762104839
"613","POLD4",1.15253791884788e-07,-0.336141954107063,0.133,0.369,0.00352688128546639
"614","NLN",1.16036124647026e-07,0.272198636827243,0.342,0.157,0.00355082145032363
"615","LINC02245",1.16640090793711e-07,0.294247256022274,0.275,0.114,0.00356930341837836
"616","UBXN1",1.18432327017752e-07,-0.299305185926692,0.05,0.267,0.00362414763907023
"617","CARD16",1.19143727266476e-07,-0.312748193242233,0.058,0.281,0.00364591719808143
"618","ATP5F1D",1.19942496605297e-07,-0.28732829663612,0.017,0.219,0.00367036033861868
"619","RNASET2",1.2073346541306e-07,-0.391873748684515,0.617,0.793,0.00369456477510504
"620","XIST",1.24487267663683e-07,0.545096013442411,0.45,0.257,0.00380943487777637
"621","TBCK",1.29570477366932e-07,0.338334127429194,0.442,0.242,0.00396498617790549
"622","SELPLG",1.30606786412127e-07,-0.320861722571172,0.117,0.35,0.0039966982709975
"623","SERP1",1.31282741650266e-07,-0.346483898328522,0.142,0.381,0.00401738317723978
"624","LAPTM4A",1.3213982791999e-07,-0.316034380658488,0.125,0.362,0.00404361087417962
"625","AC105402.3",1.32734886804585e-07,1.70213110118317,0.292,0.136,0.0040618202711071
"626","ZFP36L2",1.35276246603404e-07,-0.395761197742606,0.167,0.41,0.00413958842231078
"627","ZNF81",1.36337475896954e-07,0.271284876000198,0.217,0.079,0.00417206309992269
"628","FGD2",1.39937804705251e-07,0.266682920855292,0.55,0.317,0.00428223676178538
"629","SNTB1",1.42126160144504e-07,0.373694986852528,0.342,0.165,0.00434920262658195
"630","R3HDM2",1.48801072686259e-07,0.365776692959942,0.658,0.429,0.00455346162527222
"631","LIMD2",1.55420114015455e-07,-0.343786835952108,0.25,0.499,0.00475601090898693
"632","PICALM",1.56932539137305e-07,0.338923269737137,0.967,0.918,0.00480229263014066
"633","NPL",1.61757787145568e-07,0.280226350980399,0.308,0.139,0.00494995004444152
"634","RAB5IF",1.6214626874958e-07,-0.281035952226507,0.033,0.241,0.00496183797000589
"635","RAP1GDS1",1.63291794425983e-07,0.450973322841427,0.508,0.319,0.00499689220122949
"636","FAF1",1.66906099816178e-07,0.397907173541151,0.7,0.515,0.00510749356047485
"637","TANK",1.70691614083284e-07,0.396326678698973,0.842,0.697,0.00522333408256257
"638","CEP350",1.71751691660513e-07,0.367651570366303,0.65,0.443,0.00525577351650334
"639","VCL",1.74720140746789e-07,0.445397088163641,0.683,0.504,0.00534661102699249
"640","CREB1",1.81820248269377e-07,0.38911683466422,0.517,0.318,0.0055638814172912
"641","SCAND1",1.82073930110073e-07,-0.280324739473189,0.033,0.239,0.00557164433529835
"642","ZNF438",1.9747337130401e-07,0.340012552008262,0.592,0.371,0.00604288263527401
"643","PIK3AP1",1.98251142174894e-07,0.4009299903626,0.692,0.495,0.00606668320169394
"644","PHF21A",2.00545388371476e-07,0.460762945740543,0.608,0.422,0.00613688942955554
"645","LYPD2",2.0189848122643e-07,-0.545194788571072,0.05,0.257,0.00617829542400999
"646","BCAS3",2.04626945930646e-07,0.339614479256325,0.708,0.477,0.00626178917242369
"647","WWC2",2.14582111780293e-07,0.263722960931407,0.3,0.131,0.00656642720258874
"648","PHKB",2.15446046366e-07,0.367710159715415,0.708,0.532,0.00659286446484596
"649","TOMM6",2.31382915944791e-07,-0.282012575524269,0.025,0.225,0.00708054861082656
"650","IL15",2.39527715423293e-07,0.421316101933234,0.683,0.488,0.00732978761966818
"651","SLF2",2.39861419965081e-07,0.251016987090451,0.383,0.189,0.00733999931235146
"652","HMBOX1",2.44231514142252e-07,0.326637938699173,0.425,0.236,0.00747372856426705
"653","BANF1",2.44903349429098e-07,-0.282012575524269,0.025,0.224,0.00749428739587984
"654","PLA2G4A",2.46824725487816e-07,0.305442870662849,0.317,0.147,0.00755308342465265
"655","ARHGAP26",2.54095221684589e-07,0.483174250946679,0.75,0.641,0.00777556787877011
"656","SLC4A8",2.57504676354707e-07,0.297829349119481,0.35,0.17,0.00787990060113038
"657","ETNK1",2.61444069876655e-07,0.413319687649897,0.583,0.387,0.00800044998229552
"658","AGTPBP1",2.67162101182375e-07,0.361374368827263,0.842,0.699,0.00817542745828185
"659","ARPC2",2.76102596901558e-07,-0.356610895822383,0.675,0.84,0.00844901556778458
"660","CCNY",2.798170896676e-07,0.323193388423989,0.567,0.348,0.00856268276091823
"661","ATP5PO",2.89482954257764e-07,-0.288519377388515,0.042,0.246,0.00885846788324185
"662","CD48",2.95226995524659e-07,-0.338775090521332,0.25,0.513,0.00903424129005011
"663","MIF",3.05576893669955e-07,-0.255425945297309,0,0.182,0.00935095852319431
"664","TMEM131",3.08508259360384e-07,0.359711883254708,0.758,0.572,0.00944066124468712
"665","TMEM165",3.21082855724192e-07,0.314904368634601,0.7,0.492,0.00982545646801601
"666","NFKBIA",3.30451277287922e-07,-0.326157865534441,0.15,0.384,0.0101121395362877
"667","TMA7",3.30466045653361e-07,-0.302574380710809,0.108,0.33,0.0101125914630385
"668","TFCP2",3.31237156299282e-07,0.329363973924642,0.433,0.24,0.0101361882199143
"669","FARS2",3.31338447279153e-07,0.358661714975049,0.442,0.249,0.0101392878251894
"670","TMLHE",3.46539557145606e-07,0.377536363025052,0.4,0.215,0.0106044569882127
"671","GAS5",3.61285162885213e-07,-0.253929373543926,0,0.18,0.0110556872694504
"672","SNHG6",3.64591411797435e-07,-0.273907997801322,0.033,0.232,0.0111568617924133
"673","PKN2",3.65592779205862e-07,0.328693630207257,0.85,0.663,0.0111875046364786
"674","RPS4Y1",3.77330158100154e-07,-0.299006666415149,0.042,0.243,0.0115466801680228
"675","ARPC4",3.79781398493628e-07,-0.321198065212898,0.142,0.366,0.0116216905753035
"676","VMO1",3.99645713637951e-07,-0.322754211747943,0.008,0.193,0.0122295584830349
"677","ICAM3",4.12861586595419e-07,-0.278426456250776,0.05,0.254,0.0126339774114064
"678","RHOT1",4.22079339695018e-07,0.252199790349562,0.392,0.199,0.0129160498740072
"679","UBR3",4.29947960765123e-07,0.332068899287768,0.658,0.444,0.0131568375473735
"680","NDUFC2",4.31456206593206e-07,-0.275336408849584,0.033,0.23,0.0132029913779587
"681","ADGRE2",4.48042576112335e-07,0.394147294341366,0.708,0.516,0.0137105508716135
"682","PDLIM5",4.50036604017009e-07,0.426743213841964,0.667,0.489,0.0137715701195245
"683","SRSF7",4.52329870361513e-07,-0.297716606165278,0.142,0.378,0.0138417463629327
"684","TET3",4.60863595304705e-07,0.344356688400114,0.425,0.236,0.0141028868799193
"685","R3HDM1",4.68537148527903e-07,0.352325122367953,0.408,0.222,0.0143377052821024
"686","BID",4.69991681472958e-07,-0.344844564522496,0.367,0.592,0.014382215444754
"687","VAV3",4.90774544549475e-07,0.362825175316924,0.492,0.3,0.0150181918377585
"688","CDC42",5.22745411269924e-07,-0.334315757608929,0.417,0.647,0.0159965323302709
"689","PPDPF",5.27870259546271e-07,-0.260456280633077,0.017,0.203,0.0161533578123754
"690","GARS-DT",5.42169312175743e-07,0.330215040939891,0.55,0.356,0.0165909231218899
"691","UQCR10",5.44843753644209e-07,-0.256111870363241,0.008,0.189,0.0166727637052664
"692","PLAC8",5.54124556267348e-07,-0.302028537449657,0.142,0.376,0.0169567655463371
"693","CHCHD3",5.74485436567856e-07,0.381864422173328,0.467,0.277,0.017579828844413
"694","FCGR2A",5.76504265896953e-07,0.3234020965677,0.575,0.39,0.0176416070407127
"695","CBWD2",5.78386678320603e-07,0.252447363135829,0.3,0.138,0.0176992107432888
"696","ATM",5.98226642019811e-07,0.447717450468995,0.733,0.556,0.0183063334724482
"697","PSMB3",6.08778248148762e-07,-0.28768249248808,0.067,0.278,0.0186292231716003
"698","EIF4H",6.13371295469568e-07,-0.293406919053924,0.092,0.304,0.0187697750126643
"699","CTNND1",6.34794403529842e-07,0.310045399255747,0.408,0.222,0.0194253435424167
"700","MARCKSL1",6.49069993848826e-07,-0.270129472728098,0.008,0.188,0.0198621908817679
"701","EPS8",6.68558916370771e-07,0.549215479951814,0.533,0.363,0.020458571399862
"702","CLEC2B",6.7046735642856e-07,-0.344060711776879,0.317,0.564,0.0205169715740704
"703","RAP2C-AS1",6.81147154806192e-07,0.328176267961147,0.325,0.157,0.0208437840842243
"704","STK39",7.01688059094433e-07,0.359335385461319,0.475,0.278,0.0214723562963487
"705","DAZAP2",7.0773427177245e-07,-0.324049847452397,0.217,0.443,0.0216573764505087
"706","PARK7",7.12071846168613e-07,-0.275479172200439,0.075,0.285,0.0217901105646057
"707","NEK7",7.28097660833592e-07,0.317519311199948,0.583,0.367,0.0222805165191687
"708","FKBP15",7.31647777657103e-07,0.313000594598624,0.458,0.266,0.022389153644085
"709","PSMD8",7.41280988150573e-07,-0.257309418000164,0.033,0.227,0.0226839395183957
"710","DAPP1",7.52431479583132e-07,0.359726801076028,0.383,0.208,0.0230251557067234
"711","SUB1",7.87073941177825e-07,-0.301907889589939,0.192,0.425,0.0240852496739826
"712","LCP2",7.9071688647024e-07,0.445605354917413,0.767,0.65,0.0241967274428758
"713","UQCRH",7.98055350586224e-07,-0.288283630810482,0.067,0.269,0.024421291783289
"714","FRYL",8.42408971612934e-07,0.357847366024832,0.783,0.597,0.0257785569403274
"715","CLEC7A",8.82884766548458e-07,0.346321720122732,0.858,0.691,0.0270171567411494
"716","NOP10",9.0137762200077e-07,-0.266166539585565,0.025,0.21,0.0275830566108455
"717","CCDC85B",9.10145503575849e-07,-0.253070881973882,0.025,0.21,0.0278513625549245
"718","NDUFB8",9.69498339162365e-07,-0.269989619102136,0.05,0.245,0.0296676186767075
"719","KDM1B",9.72503057267765e-07,0.298002392232591,0.733,0.528,0.0297595660554509
"720","TMEM50A",9.77699058713251e-07,-0.288694791704603,0.142,0.364,0.0299185688956842
"721","MYO15B",9.80436598769415e-07,0.261878929194656,0.367,0.188,0.0300023403589429
"722","RRAS",9.94980109454456e-07,-0.281227806724916,0.05,0.244,0.0304473863294158
"723","ARF1",1.00763110522969e-06,-0.284044266414052,0.125,0.342,0.0308345194511337
"724","TMEM164",1.06181972807555e-06,0.252420985320533,0.383,0.2,0.0324927454988399
"725","C11orf58",1.09802099232546e-06,-0.302389699601491,0.183,0.41,0.0336005403861513
"726","SMG1",1.09953250115857e-06,0.280599255286754,0.7,0.504,0.0336467940679534
"727","SPI1",1.11016781720991e-06,-0.337243668586635,0.625,0.794,0.0339722453744406
"728","PIGX",1.15855989997949e-06,0.26559625936492,0.35,0.175,0.0354530914992723
"729","PPP4C",1.17109209089386e-06,-0.26079368920154,0.05,0.243,0.035836589073443
"730","LRRK1",1.17473670332773e-06,0.347923303420307,0.492,0.306,0.035948117858532
"731","SMARCA2",1.17749606093925e-06,0.323572336114878,0.592,0.391,0.036032556960802
"732","BTBD9",1.2005470535906e-06,0.402592732912199,0.767,0.651,0.0367379403869261
"733","FBXL5",1.20454779214949e-06,0.309907972440135,0.717,0.563,0.0368603669875666
"734","FCHSD2",1.20746262001229e-06,0.446764742790384,0.567,0.387,0.0369495636349961
"735","RNF111",1.24687676974493e-06,0.327721374361008,0.658,0.493,0.0381556760309646
"736","ADK",1.25589379130785e-06,0.441904703456542,0.792,0.611,0.0384316059078116
"737","EFHD2",1.27087329938862e-06,-0.293362726555647,0.225,0.456,0.0388899938345911
"738","SENP6",1.27381131961746e-06,0.392430180210589,0.717,0.561,0.0389799001916139
"739","ARF6",1.29817714688391e-06,-0.263975299953235,0.067,0.267,0.0397255188717946
"740","ATP5MC3",1.32871736799352e-06,-0.286226066818902,0.067,0.264,0.0406600801779698
"741","RTRAF",1.36631825282809e-06,-0.26232002352611,0.042,0.23,0.0418107048547924
"742","TBC1D8",1.40287788921557e-06,0.466933773414524,0.8,0.704,0.0429294662878856
"743","TRAPPC1",1.40959327098242e-06,-0.258905854703972,0.025,0.205,0.0431349636853331
"744","CTBP2",1.41032776979086e-06,0.334516461690245,0.767,0.633,0.0431574400833701
"745","IFNGR2",1.41895751924076e-06,0.383890753958417,0.725,0.554,0.0434215190462864
"746","NFKBIZ",1.42615087250854e-06,0.36633052450622,0.875,0.803,0.0436416428496338
"747","TRIP12",1.5262714386154e-06,0.346700003809771,0.75,0.582,0.0467054322930697
"748","TNS3",1.60957143755735e-06,0.255111195112704,0.325,0.157,0.0492544955606925
"749","EAPP",1.68016116505405e-06,-0.250034392468735,0.067,0.273,0.0514146118118189
"750","CDYL2",1.70874087464335e-06,0.313110788164415,0.433,0.245,0.0522891795049613
"751","CIB1",1.75729515966796e-06,-0.255261763246692,0.025,0.202,0.0537749891809994
"752","HNRNPK",1.76062616170851e-06,-0.313191874411452,0.308,0.533,0.0538769211744421
"753","DPYD-AS1",1.78900531995289e-06,0.333423733725192,0.383,0.212,0.0547453517958782
"754","SNRPB2",1.84324754396198e-06,-0.262429508282556,0.033,0.214,0.0564052180927805
"755","FCHO2",1.88661174719221e-06,0.312263678804317,0.4,0.229,0.0577322060758288
"756","HMGN2",1.95614043854905e-06,-0.292767479317797,0.175,0.389,0.0598598535600394
"757","SYF2",1.9799950529653e-06,-0.303227331634328,0.108,0.31,0.0605898286157912
"758","MYOF",1.99505613106901e-06,0.341668853359239,0.7,0.489,0.0610507126668428
"759","HERC3",2.03090069691082e-06,0.327131689494902,0.742,0.569,0.0621475922261681
"760","WDR83OS",2.08010816194227e-06,-0.255208797308906,0.033,0.213,0.0636533898635953
"761","GNB2",2.11586388333388e-06,-0.299036735926062,0.158,0.367,0.0647475506939
"762","ATF7IP",2.15325635900746e-06,0.342621320011538,0.533,0.342,0.0658917978419873
"763","JPT1",2.22211551659147e-06,-0.287388715486507,0.092,0.29,0.0679989569232156
"764","TMEM59",2.26561517994499e-06,-0.288274242207123,0.183,0.406,0.0693300901214966
"765","SNU13",2.3223694144378e-06,-0.25896697466643,0.083,0.283,0.0710668264512111
"766","ATP5MPL",2.43743221531871e-06,-0.288134182403627,0.108,0.309,0.0745878632209678
"767","LINC00278",2.50639745891297e-06,0.756812690656763,0.483,0.394,0.0766982686401959
"768","SQSTM1",2.54218746206023e-06,-0.338930849313249,0.217,0.438,0.0777934785265051
"769","SYT17",2.62917189170878e-06,0.31836147986717,0.267,0.124,0.0804552890581804
"770","THRAP3",2.66160542343815e-06,-0.304363245434402,0.292,0.508,0.0814477875626309
"771","NDUFB2",2.68110398660138e-06,-0.268269841214605,0.067,0.256,0.0820444630939887
"772","HLA-DQA2",2.69067158601752e-06,-0.297922631876573,0.042,0.223,0.0823372412037222
"773","LYN",2.76537265750152e-06,0.292069189319442,1,0.995,0.0846231686922042
"774","ANXA7",2.76832347690135e-06,-0.259458951609966,0.042,0.222,0.0847134667166583
"775","SEC61B",2.82266933191546e-06,-0.266320504609492,0.058,0.244,0.086376504225945
"776","CHST11",2.89162919678464e-06,0.343146286159732,0.817,0.693,0.0884867450508068
"777","XRCC6",3.09049576020977e-06,-0.285821116421898,0.15,0.358,0.0945722607581792
"778","VAMP8",3.14269177426114e-06,-0.266739084401715,0.067,0.257,0.0961695109841651
"779","CXCR4",3.19044655744037e-06,-0.293778189493259,0.033,0.207,0.0976308551042327
"780","PTPN6",3.3696803384291e-06,-0.323435567023973,0.333,0.526,0.103115588036269
"781","AC008937.2",3.37398445132394e-06,0.261062810368981,0.417,0.232,0.103247298194964
"782","RAP1A",3.42174609316735e-06,0.311016629254002,0.775,0.578,0.104708852197014
"783","SH3KBP1",3.45011961654948e-06,0.337855122458159,0.75,0.562,0.105577110386031
"784","RTF1",3.72318476872391e-06,-0.251450862106778,0.067,0.258,0.11393317710772
"785","DYM",3.75029781578495e-06,0.299920994418581,0.708,0.519,0.114762863460835
"786","FNIP2",3.76143824777561e-06,0.251394490277919,0.5,0.301,0.115103771820181
"787","ARL15",3.81970696591772e-06,0.382889689482063,0.658,0.497,0.116886852864048
"788","ACAP2",3.85447686945716e-06,0.34171727391506,0.875,0.788,0.117950846682259
"789","POMP",3.89719345785474e-06,-0.268207138515988,0.1,0.297,0.119258017003813
"790","STXBP5",3.92715327678892e-06,0.433733592988749,0.5,0.332,0.120174817423018
"791","UBASH3B",4.02689462845948e-06,0.446900756689648,0.542,0.361,0.123227002525489
"792","PPP3CA",4.0362514741534e-06,0.440633505718066,0.717,0.601,0.123513331360568
"793","ADD3",4.12814943682134e-06,0.283996427181166,0.633,0.433,0.12632550091617
"794","COTL1",4.25661146023916e-06,-0.343156496584609,0.842,0.926,0.130256567294779
"795","HELZ",4.34440361942524e-06,0.278003742251029,0.658,0.452,0.132943095158032
"796","AGPS",4.34876981241992e-06,0.269653274659935,0.508,0.311,0.133076705029862
"797","NFKB1",4.5389418696937e-06,0.262128868516492,0.517,0.324,0.138896160154497
"798","PGLS",4.63212995282816e-06,-0.259819670461924,0.067,0.252,0.141747808686495
"799","BCL11A",4.6482121137363e-06,0.289562965866667,0.283,0.139,0.142239938892445
"800","ZFHX3",4.65356537091493e-06,0.343187749725951,0.517,0.335,0.142403753915368
"801","FAM110A",4.70952161391244e-06,-0.297156185964954,0.15,0.35,0.144116070907335
"802","CRYBG3",4.71955157241176e-06,0.250336779061473,0.317,0.159,0.144422997667372
"803","GPSM3",4.75999417228001e-06,-0.252169787293479,0.075,0.261,0.14566058166594
"804","FAM117B",4.99318577711056e-06,0.388469608061568,0.7,0.527,0.15279647796536
"805","LSM7",4.99877035801781e-06,-0.250807505238167,0.058,0.238,0.152967371725703
"806","COX5A",5.02392057625626e-06,-0.262809441691612,0.058,0.238,0.153736993554018
"807","CMTM6",5.17196690554827e-06,-0.308283314133907,0.467,0.689,0.158267359276683
"808","LDLRAD4",5.33968262080957e-06,0.357504248765723,0.525,0.345,0.163399627879394
"809","SON",5.49443333337258e-06,-0.311626945600344,0.492,0.687,0.168135154434534
"810","PCCA",5.53235448248272e-06,0.527603068340261,0.55,0.407,0.169295579518454
"811","ASH1L",5.56935075192139e-06,0.298171320144086,0.742,0.551,0.170427702359547
"812","SUCLG2",5.60196136203081e-06,0.336687787317925,0.542,0.365,0.171425619639505
"813","GALNT10",5.61379791196369e-06,0.308544903055652,0.45,0.279,0.171787829904001
"814","SIPA1L1",5.84520307943507e-06,0.309356287848969,0.95,0.91,0.178869059433793
"815","C9orf78",5.90833176665196e-06,-0.264504080018406,0.117,0.315,0.180800860391317
"816","GCH1",5.9117721959452e-06,0.315501825727929,0.575,0.369,0.180906140968119
"817","CDK8",5.97143518987379e-06,0.303660430520741,0.325,0.17,0.182731888245328
"818","APC",6.02318786166807e-06,0.345795910654775,0.575,0.394,0.184315571754905
"819","UQCRFS1",6.15145712238876e-06,-0.263283525765496,0.075,0.257,0.188240739402219
"820","ZFYVE16",6.30659890317784e-06,0.295363132551123,0.417,0.247,0.192988233036145
"821","CFLAR",6.3806569208167e-06,0.34703082269844,0.6,0.452,0.195254482433912
"822","PEAK1",6.49329763798692e-06,0.256974266888792,0.283,0.137,0.198701401020038
"823","CORO7",6.56952592436292e-06,-0.270553612479486,0.117,0.311,0.20103406281143
"824","ARHGDIA",6.89906427712632e-06,-0.251472327748404,0.075,0.257,0.211118265944343
"825","TALDO1",6.92581785789386e-06,-0.257797757467647,0.125,0.327,0.21193695226941
"826","PDIA3",7.32729529983298e-06,-0.30793119094229,0.267,0.483,0.224222563470189
"827","ZMYM2",7.45639476599485e-06,0.372999957834823,0.717,0.571,0.228173136234208
"828","SPTLC2",7.52825024108956e-06,0.278088971575651,0.6,0.425,0.230371985627582
"829","PNRC1",7.75705187429725e-06,-0.261698059326586,0.092,0.276,0.23737354440537
"830","NINJ1",7.92489337749763e-06,-0.253640486101155,0.058,0.233,0.242509662244805
"831","ZNF518A",7.93888856725095e-06,0.299074019614611,0.367,0.205,0.242937929046446
"832","MAML3",8.0561881007149e-06,0.434571340955253,0.633,0.491,0.246527412069977
"833","DDX17",8.09028738727354e-06,0.300081249739456,0.808,0.642,0.247570884337958
"834","PIBF1",8.12518003413362e-06,0.377922187283199,0.45,0.278,0.248638634224523
"835","RAP1GAP2",8.26842116771558e-06,0.405606539391548,0.808,0.715,0.253021956153264
"836","ITFG1",8.48540989304471e-06,0.310423283919454,0.75,0.56,0.259662028137061
"837","KLHL2",8.73840885765868e-06,0.304272992961811,0.608,0.439,0.267404049453213
"838","CPED1",8.74225699843041e-06,0.323714714361377,0.283,0.142,0.267521806408969
"839","CPEB3",8.78999152640067e-06,0.25999345853335,0.392,0.221,0.268982530699387
"840","DNAJC8",8.82157067756419e-06,-0.250807505238167,0.058,0.231,0.269948884304142
"841","FAM120B",8.91592825712097e-06,0.270515617713412,0.5,0.316,0.272836320596159
"842","SKP1",9.02748829447236e-06,-0.26186023385245,0.167,0.368,0.276250169299149
"843","CPB2-AS1",9.15622903441025e-06,0.358373328935896,0.483,0.313,0.280189764681988
"844","GNG5",9.20375571844062e-06,-0.280877935244872,0.183,0.384,0.281644128740001
"845","PLCL2",9.29295235880211e-06,0.348504982285256,0.792,0.65,0.284373635131703
"846","LRRFIP1",9.531086809425e-06,0.277195736046269,0.992,0.938,0.291660787455214
"847","ZMYM6",9.53914892154434e-06,0.276657552111117,0.483,0.298,0.291907496148178
"848","ANKIB1",1.01251754181056e-05,0.294438200336674,0.475,0.298,0.309840492969448
"849","CARD8",1.03107040661879e-05,0.25170017839028,0.383,0.218,0.315517855129415
"850","NEBL",1.09008661265223e-05,0.362868173455394,0.217,0.095,0.333577404337708
"851","CX3CR1",1.14875634890937e-05,0.337489352191855,0.358,0.204,0.351530930329758
"852","XRCC4",1.15242579140456e-05,0.307250851521068,0.475,0.296,0.352653816427709
"853","STK38",1.1547376254208e-05,0.339240209543086,0.708,0.594,0.353361260755019
"854","TRIM33",1.17878488245308e-05,0.252227148057342,0.575,0.388,0.360719961879468
"855","FNDC3A",1.21383026832777e-05,0.320045396067553,0.625,0.458,0.37144420041098
"856","NF1",1.2223395680493e-05,0.287859391469826,0.425,0.26,0.374048131218766
"857","METTL25",1.24561351171319e-05,0.264497978431049,0.267,0.128,0.381170190719354
"858","RNH1",1.29142404334532e-05,-0.26984668035764,0.225,0.421,0.395188671504101
"859","ZMYM4",1.29714791073669e-05,0.325231803070423,0.383,0.228,0.396940232164535
"860","ATP5F1A",1.30233250884617e-05,-0.255245783460566,0.142,0.33,0.398526771032017
"861","MARCKS",1.34530274108103e-05,-0.317457390842137,0.267,0.473,0.411676091798205
"862","HIPK3",1.37983920371303e-05,0.327500615638654,0.667,0.505,0.422244594728224
"863","MOB3B",1.45203084447898e-05,0.274656144388751,0.308,0.164,0.444335958719013
"864","RNF13",1.48385689258835e-05,0.337866158227123,0.842,0.699,0.45407504770096
"865","PCNX4",1.49716594030023e-05,0.291160818583465,0.333,0.183,0.458147749391273
"866","SND1",1.50934390103113e-05,0.285068002649965,0.542,0.359,0.461874327154537
"867","CDK19",1.51351018931656e-05,0.295030343208334,0.483,0.304,0.463149253032762
"868","RSRC1",1.52805058093836e-05,0.33677351698105,0.683,0.536,0.467598758272949
"869","DYNLT1",1.55028361937184e-05,-0.276306715874002,0.15,0.338,0.474402290363977
"870","RIN3",1.5511783996573e-05,0.317072783898598,0.858,0.777,0.474676102079129
"871","PARP4",1.60493666430275e-05,0.283135688122637,0.667,0.486,0.491126668643285
"872","CDK14",1.66646405129943e-05,0.377023053057905,0.4,0.246,0.509954664338139
"873","ITGAX",1.70916845078123e-05,0.279631001599502,0.767,0.616,0.523022637623563
"874","YWHAZ",1.78155342693113e-05,-0.265672183770029,0.492,0.683,0.545173164175194
"875","SAP18",1.79812457984363e-05,-0.254052284955576,0.117,0.297,0.550244102677949
"876","MTRNR2L8",1.80254404108522e-05,0.325963202600508,0.525,0.355,0.551596502012489
"877","USP25",1.84267328934559e-05,0.301059393601522,0.792,0.707,0.563876453272643
"878","TCF25",1.85118371406834e-05,-0.286500578291691,0.292,0.484,0.566480728342052
"879","MBP",1.86542190940208e-05,0.375426862993661,0.567,0.436,0.570837758496132
"880","SIPA1L3",1.9555132554263e-05,0.260552349237253,0.533,0.343,0.598406611293002
"881","CHCHD10",1.96379213454504e-05,-0.256853044302424,0.1,0.275,0.600940031092127
"882","VAMP5",2.09980124669721e-05,-0.257173907022179,0.058,0.221,0.642560179501814
"883","MAFB",2.10373059082719e-05,-0.340746793767809,0.433,0.601,0.643762598099028
"884","ANP32B",2.18910734204633e-05,-0.268917037216938,0.192,0.385,0.669888737739597
"885","CD83",2.23617753499856e-05,-0.255413946885452,0.283,0.495,0.684292687484909
"886","PSMA4",2.26946739326346e-05,-0.263109320545965,0.183,0.371,0.69447971701255
"887","SOD2",2.3320183359412e-05,-0.314768303314496,0.417,0.61,0.713620930981365
"888","ZNF407",2.35496676562495e-05,0.364213240201161,0.583,0.429,0.720643379948892
"889","CD86",2.41729890395153e-05,0.332496232308323,0.758,0.632,0.739717637598207
"890","HERC1",2.56076794975735e-05,0.280940354020657,0.808,0.736,0.783620600305247
"891","QKI",2.57474480045693e-05,0.33801843923518,0.825,0.766,0.787897656387825
"892","MCU",2.59712166902716e-05,0.284027150733008,0.342,0.191,0.794745201939
"893","GBP4",2.70829622725848e-05,-0.317708632117416,0.158,0.334,0.828765728503366
"894","RFX3",2.72562430240684e-05,0.313488805112147,0.458,0.298,0.834068292779517
"895","SYNGR2",2.72737756072736e-05,-0.255342843137735,0.125,0.301,0.834604807358181
"896","IQGAP2",2.73293881302549e-05,0.30799768474126,0.658,0.483,0.83630660617393
"897","SLC38A9",2.73528710505287e-05,0.33578804192278,0.308,0.171,0.837025207017229
"898","PELI2",2.78439692820511e-05,0.374406932979612,0.633,0.532,0.852053304000045
"899","CTSL",2.88683800236744e-05,-0.259171486674366,0.133,0.312,0.88340129710446
"900","ATP11C",2.90642828819805e-05,0.262550279976604,0.342,0.193,0.889396120471484
"901","SLC2A13",2.99383252241421e-05,0.35290174717224,0.342,0.199,0.916142690183972
"902","TMEM154",3.23251940682214e-05,0.285163405317665,0.533,0.366,0.989183263681644
"903","RESF1",3.26631967892047e-05,0.272710367594454,0.467,0.307,0.999526484946454
"904","MIR181A1HG",3.3065940742289e-05,0.339461831628328,0.45,0.3,1
"905","SRPK2",3.33148580104752e-05,0.325189808145781,0.592,0.444,1
"906","MBOAT1",3.37640210374804e-05,0.25559761523337,0.392,0.233,1
"907","TMCC1",3.41783351220091e-05,0.358361553323497,0.45,0.305,1
"908","LINC02328",3.52736081791288e-05,0.341277295468143,0.442,0.287,1
"909","GMDS-DT",3.62783794313292e-05,0.376778166092492,0.392,0.242,1
"910","UMAD1",3.62952574331722e-05,0.388847610190308,0.375,0.236,1
"911","PTPN13",3.66877294311866e-05,0.294743265561132,0.35,0.2,1
"912","ARID1B",3.69200192556428e-05,0.319867424723001,0.808,0.711,1
"913","MEGF9",3.81603266668842e-05,0.358689800912712,0.467,0.315,1
"914","LRRFIP2",3.86646474676206e-05,0.30517588619952,0.592,0.439,1
"915","GPR155",4.31809369098593e-05,0.330556776837475,0.5,0.347,1
"916","C1QA",4.37410484445406e-05,-0.332189362481563,0.05,0.202,1
"917","APBB1IP",4.39168086480513e-05,0.306384285669326,0.725,0.595,1
"918","CACUL1",4.42875136315522e-05,0.327675967325333,0.708,0.588,1
"919","AKAP10",4.48718576426478e-05,0.269653274659935,0.475,0.312,1
"920","PTPN12",4.49842436725925e-05,0.291889268505979,0.375,0.223,1
"921","RFTN1",4.68162571574039e-05,0.265265845270798,0.508,0.335,1
"922","CCDC12",4.69978775653637e-05,-0.263721831146219,0.283,0.478,1
"923","ARHGAP24",4.79703202276273e-05,0.313222138129098,0.325,0.185,1
"924","LILRA5",4.81074020915212e-05,-0.252995792839842,0.2,0.383,1
"925","MED13",4.81273419989133e-05,0.28196978930845,0.583,0.419,1
"926","ASXL2",5.02245290790923e-05,0.292568983496592,0.417,0.269,1
"927","MORF4L1",5.05654138628415e-05,-0.27531423936019,0.3,0.483,1
"928","GNLY",5.26695685805571e-05,-0.521506255708925,0.075,0.23,1
"929","ATP1B3",5.29860586168875e-05,-0.251238444804998,0.325,0.522,1
"930","SNX9",5.33102160171931e-05,-0.311530136922738,0.542,0.736,1
"931","MAN2A1",5.38015519877169e-05,0.311153680026591,0.708,0.571,1
"932","CEBPD",5.47682090991187e-05,-0.258239751164818,0.167,0.342,1
"933","NIPBL",5.54943720734307e-05,0.29773883067936,0.808,0.717,1
"934","GALNT7",5.62648165232939e-05,0.296557109548821,0.433,0.272,1
"935","CBL",5.95025326010145e-05,0.346684983324902,0.658,0.511,1
"936","MYH9",6.02306012738658e-05,-0.297219260881315,0.45,0.589,1
"937","LINC02085",6.15631730471205e-05,0.250579165079348,0.3,0.163,1
"938","AP003086.1",6.20061902338992e-05,0.319981575535332,0.55,0.402,1
"939","RAD51B",6.36744345351289e-05,0.434517824433781,0.567,0.436,1
"940","USP3-AS1",6.61329232016357e-05,0.364297764034029,0.5,0.355,1
"941","ERCC6L2",6.65314455271923e-05,0.277312961753805,0.4,0.248,1
"942","RPS6KA3",6.67819404153114e-05,0.266725344951891,0.542,0.377,1
"943","KIAA2026",6.84785310423159e-05,0.311823195874738,0.483,0.334,1
"944","LCORL",6.87467617219924e-05,0.301327753467619,0.6,0.434,1
"945","ZFP36",7.04626839905312e-05,-0.255922785183348,0.225,0.399,1
"946","EHBP1",7.14295029547792e-05,0.252147383659326,0.25,0.127,1
"947","RAPGEF2",7.31970324752539e-05,0.319704032770603,0.508,0.361,1
"948","ENOX2",7.97492216736617e-05,0.288894570926502,0.3,0.168,1
"949","ARFGEF1",8.21381945959573e-05,0.25237573579834,0.65,0.49,1
"950","RNF130",8.34568800810711e-05,0.311547147253866,0.758,0.655,1
"951","SEMA3C",8.40198413605573e-05,0.257824629997148,0.175,0.076,1
"952","ITSN1",8.5409045427874e-05,0.279725359847879,0.458,0.297,1
"953","CCDC91",8.82513730243297e-05,0.275194878465026,0.708,0.574,1
"954","PLCB1",8.93891974123624e-05,0.398619369132413,0.35,0.204,1
"955","ZNF148",9.08277221304304e-05,0.263396074183868,0.625,0.46,1
"956","SUMF1",9.26461515749881e-05,0.44384228489169,0.608,0.484,1
"957","PTP4A2",9.59428763095668e-05,-0.258707618696352,0.583,0.739,1
"958","BAZ1A",9.62756821364309e-05,0.263432822456751,0.658,0.524,1
"959","SDCCAG8",9.89372136752523e-05,0.279833250930908,0.417,0.274,1
"960","ABI1",9.89713663900301e-05,0.289299615969163,0.675,0.519,1
"961","PDSS2",0.000105172190513422,0.276466101136616,0.442,0.29,1
"962","MTPN",0.000105695464455429,0.287577886766496,0.642,0.495,1
"963","TXNIP",0.000106881580855849,-0.325362770171682,0.767,0.853,1
"964","TMTC1",0.000106932461289132,0.65094743028284,0.6,0.527,1
"965","MT-ND4L",0.000109180464990041,-0.292940344540336,0.7,0.869,1
"966","ITGAL",0.000114849998866209,0.295160157449168,0.7,0.612,1
"967","HBB",0.000117031641021246,-0.255208797308906,0.033,0.165,1
"968","CCDC144A",0.000117884505540303,0.258387524914466,0.342,0.209,1
"969","ATR",0.000121556738781983,0.302717368231114,0.575,0.424,1
"970","PIAS1",0.000122311772353588,0.255059099952972,0.842,0.73,1
"971","INVS",0.000122719393557576,0.278336038655153,0.333,0.201,1
"972","ELP4",0.000126357471531686,0.265627116676706,0.4,0.255,1
"973","GPR137B",0.000126439553948206,0.252276105250312,0.533,0.365,1
"974","IRF1",0.000126675021669183,-0.333080531120846,0.508,0.632,1
"975","ATXN10",0.000132925345999195,0.251166774226481,0.375,0.23,1
"976","KMT2A",0.000144597005438834,0.271540623114177,0.425,0.282,1
"977","PSTPIP2",0.000149907858167378,0.251026502763901,0.6,0.431,1
"978","LRMP",0.000156659743077814,0.326581986672139,0.65,0.529,1
"979","BTBD10",0.000160328192898914,0.289159475750407,0.4,0.261,1
"980","GDAP2",0.000160392316867056,0.278968510081729,0.408,0.269,1
"981","SHOC2",0.000160553528979429,0.320504119717337,0.717,0.608,1
"982","CDKAL1",0.000171695418163582,0.271924142068054,0.683,0.563,1
"983","METTL15",0.000175597574134238,0.291184311227897,0.35,0.217,1
"984","HIVEP3",0.000179677211853811,0.277688733953584,0.383,0.249,1
"985","LRRC25",0.000187994099368183,-0.26405433874364,0.392,0.553,1
"986","ROCK1",0.000192319200091108,0.291889268505979,0.8,0.699,1
"987","PITPNC1",0.000196857486168502,0.336993550340446,0.575,0.431,1
"988","ZNF804A",0.000200608490189237,0.314609345006062,0.325,0.194,1
"989","SIK2",0.000204161105821876,0.251378970836426,0.258,0.14,1
"990","TPM3",0.000204938296296733,-0.255105382016157,0.542,0.722,1
"991","ABCC3",0.000207286158462834,0.253434843246397,0.317,0.185,1
"992","SNX10",0.000238474388238156,0.280074593407311,0.45,0.311,1
"993","MAP2K5",0.000239388416643743,0.272415779368425,0.4,0.261,1
"994","CAMKMT",0.000246379402109581,0.344485655909331,0.45,0.309,1
"995","DENND4A",0.000250184624135581,0.261984485810097,0.45,0.308,1
"996","FNDC3B",0.000259415360722495,0.295903926348593,0.533,0.389,1
"997","STAU2",0.00026545884499538,0.260832686885973,0.375,0.239,1
"998","TMBIM4",0.000267221545050869,-0.25107521877355,0.45,0.606,1
"999","TSC22D2",0.000267516316492955,0.277926615467931,0.508,0.373,1
"1000","LARP4B",0.000281348499333731,0.295329719359565,0.575,0.436,1
"1001","MXD1",0.000283932454151529,0.295849092696134,0.425,0.295,1
"1002","PBX3",0.000286997062337003,0.391277419684364,0.517,0.392,1
"1003","MAPK1",0.000289769215289948,0.269219175377317,0.75,0.626,1
"1004","TRAK1",0.000326938897060131,0.263655587777035,0.608,0.459,1
"1005","PPIP5K2",0.000334659901289825,0.25601007166348,0.525,0.375,1
"1006","CERS6",0.000335973317971437,0.343514957095508,0.475,0.353,1
"1007","RBM39",0.000336175067713871,-0.26936582387184,0.692,0.785,1
"1008","GPCPD1",0.000337201870639982,0.269315576769949,0.733,0.618,1
"1009","RALGAPA2",0.000338125647835847,0.320312075916901,0.533,0.407,1
"1010","OSBPL8",0.000380556110120659,0.300586778139194,0.825,0.73,1
"1011","NOL4L",0.000423551596117573,0.272383678698887,0.383,0.256,1
"1012","WNK1",0.000449566454182921,0.259223079585657,0.675,0.554,1
"1013","KIFAP3",0.00046055914327717,0.254306085697823,0.383,0.259,1
"1014","DMXL1",0.000470876188531188,0.285179046916426,0.4,0.281,1
"1015","WDR26",0.000486821544578954,0.451894790750762,0.5,0.415,1
"1016","NCOA3",0.000497174582090314,0.291056784327721,0.775,0.66,1
"1017","MYO5A",0.000559366200293699,0.250297204922016,0.575,0.443,1
"1018","FYN",0.000561817808511856,0.261013673673421,0.767,0.65,1
"1019","CYB5R4",0.000580007264268484,0.251023899413041,0.525,0.386,1
"1020","CD55",0.000623025340258032,0.312035841617755,0.767,0.744,1
"1021","BAZ2B",0.000628697976118371,0.287039868844583,0.492,0.361,1
"1022","CDC42SE2",0.000638096768680529,-0.283661808948503,0.625,0.731,1
"1023","RBM47",0.000675511242224857,0.260995260560196,0.542,0.425,1
"1024","LYZ",0.000679133358484383,-0.310540002981575,0.5,0.613,1
"1025","RSU1",0.00068028310802968,0.27666853156721,0.317,0.199,1
"1026","RUFY3",0.000680824602453091,0.274291234130211,0.433,0.305,1
"1027","ABHD3",0.000685042686065075,0.261024936178896,0.475,0.332,1
"1028","TRAPPC9",0.000755833577622242,0.297021593523377,0.625,0.508,1
"1029","FOS",0.00078749983766662,-0.294417775687042,0.058,0.176,1
"1030","ERC1",0.000792635802114505,0.274659425489416,0.525,0.39,1
"1031","PHF3",0.000792933246436582,0.253758871869243,0.65,0.492,1
"1032","CERT1",0.000853793226676821,0.291079902402906,0.758,0.673,1
"1033","TRPS1",0.000875840472647915,0.383730550266893,0.508,0.412,1
"1034","AC098829.1",0.000907607396502386,0.262350299346723,0.233,0.132,1
"1035","SAMD4A",0.000953855288292179,0.353834361590332,0.333,0.224,1
"1036","AGFG1",0.000996817857759575,0.257219726407201,0.558,0.452,1
"1037","IGKC",0.00100433103545125,-0.267144767224651,0.092,0.214,1
"1038","DCP2",0.00101668429732004,0.252219123075958,0.542,0.447,1
"1039","KLF7",0.00103935852548188,0.253748630110945,0.467,0.355,1
"1040","SLC49A4",0.0011247117684927,0.383251010611193,0.475,0.392,1
"1041","CCDC88A",0.00113159989832462,0.274996927215001,0.592,0.49,1
"1042","FAM126A",0.00117661697660068,0.277553650744774,0.65,0.562,1
"1043","VPS53",0.00127354397630556,0.327600120123631,0.592,0.514,1
"1044","SPOPL",0.00127868426466569,0.259603070952562,0.583,0.49,1
"1045","SLC24A4",0.0014059437757893,0.260849021211962,0.467,0.355,1
"1046","SESTD1",0.00144137063158487,0.262665490772651,0.65,0.564,1
"1047","FBXO11",0.00145773405121301,0.252494170070463,0.675,0.565,1
"1048","SH3BGRL",0.00171852140308007,0.321277133403942,0.608,0.522,1
"1049","SCFD2",0.00177942357311229,0.301710239317006,0.392,0.277,1
"1050","RABGAP1",0.00183746126071271,0.314515572782197,0.475,0.375,1
"1051","SNX13",0.00190499946533374,0.28050345415462,0.483,0.384,1
"1052","GSK3B",0.00210994010144798,0.255182679653296,0.617,0.542,1
"1053","FTO",0.00211295021481649,0.255571588605173,0.367,0.263,1
"1054","RUNX1",0.00213564695065338,0.294212449428107,0.483,0.373,1
"1055","BACH2",0.00244556212407039,-0.276778368062533,0.058,0.165,1
"1056","COG5",0.00253277052315918,0.274987208595559,0.625,0.553,1
"1057","FBXW7",0.00272349254570316,0.271434837396321,0.8,0.754,1
"1058","AC020651.2",0.00345815018416585,0.378724380994548,0.442,0.361,1
"1059","DDX60L",0.00393829578781297,0.262966710221512,0.475,0.376,1
"1060","CSGALNACT2",0.00401886517202546,0.25063622384988,0.725,0.678,1
"1061","SNED1",0.00830045192035323,0.497763759613006,0.575,0.548,1
"1062","GPR174",0.00856467297033137,0.282800294644225,0.317,0.224,1
"1063","GBP1",0.00863619015150708,-0.252995792839842,0.167,0.272,1
"1064","PRKCE",0.00907355159247185,0.284817219830477,0.65,0.623,1
"1065","MSR1",0.0094256209358476,0.304869068527441,0.317,0.23,1
"1066","HDX",0.00988788923915497,0.263209681625637,0.175,0.105,1
"1067","GMDS",0.0115571208185488,0.262614346130465,0.383,0.306,1
"1068","PLCL1",0.0137575271142129,0.305191929543583,0.333,0.255,1
"1069","PID1",0.0261033956423596,0.436132938492921,0.333,0.274,1
"1070","PTPRE",0.0337693263296786,0.251405691369856,0.492,0.427,1
