"","p_val","avg_log2FC","pct.1","pct.2","p_val_adj"
"MTRNR2L8",1.68256386915079e-25,1.05226967937643,0.931,0.235,5.14881369598832e-21
"MTRNR2L12",6.62580895789425e-22,1.92839123421877,1,0.75,2.02756379920522e-17
"HIST1H1E",3.99020078950819e-21,0.781390903221905,0.655,0.133,1.2210413435974e-16
"PZP",8.64543428585604e-21,0.85070499719665,0.431,0.048,2.64558934581481e-16
"A2M",4.45148692758289e-19,0.934125099861084,0.448,0.061,1.36219951470964e-14
"RPL28",2.55227984053468e-18,-1.4410303606514,0.241,0.834,7.81023154002016e-14
"NRGN",5.7309302622424e-18,0.260303022868137,0.207,0.003,1.7537219695488e-13
"PLCG2",5.748294480742e-18,1.34883993801517,1,0.781,1.75903559405186e-13
"PPBP",6.62026378170038e-18,0.409771959608752,0.293,0.018,2.02586691983813e-13
"AC105402.3",5.041400881809e-17,2.26422366442018,0.828,0.439,1.54271908384237e-12
"RPS27",9.84943962174856e-17,-1.42761898101087,0.414,0.885,3.01402701865128e-12
"TSIX",4.33100308160455e-16,0.598664002755385,0.414,0.061,1.32533025300181e-11
"MBNL1",1.61257654487112e-15,0.9370417736821,0.983,0.967,4.93464548496012e-11
"RPL41",2.0835812849317e-15,-1.36769660430803,0.483,0.895,6.3759670900195e-11
"RPS3",2.82174086022784e-15,-1.08549231906316,0.224,0.768,8.6348092063832e-11
"RPS16",3.02440516413622e-15,-1.01976510936521,0.259,0.804,9.25498224277326e-11
"TUBB1",3.2967139341722e-15,0.260303022868137,0.207,0.008,1.00882743099603e-10
"RPS18",4.33640277523161e-15,-1.23525933725577,0.276,0.801,1.32698261324863e-10
"RPL13",4.34185213074653e-15,-1.27680318743184,0.466,0.895,1.32865017052975e-10
"S100A9",5.82063372129373e-15,0.280767125427853,0.19,0.005,1.78117212505309e-10
"RPS14",7.14369636510491e-15,-1.12679775355537,0.276,0.816,2.18604252468575e-10
"RPL39",7.26789035246606e-15,-1.1514969573047,0.19,0.74,2.22404712675814e-10
"RPS23",8.82529840895512e-15,-1.09154632838328,0.19,0.747,2.70062956612436e-10
"RPS15A",1.81505422282152e-14,-1.12379947582297,0.276,0.791,5.55424742725613e-10
"LINC00612",1.81984661659534e-14,0.459644825077752,0.276,0.026,5.56891263144339e-10
"RPL13A",3.04964310021658e-14,-1.24602877219135,0.431,0.875,9.33221285097276e-10
"RPL18A",3.30803352970219e-14,-1.02250247215558,0.207,0.75,1.01229134042417e-09
"RPL19",3.50374933016144e-14,-1.09050694172751,0.276,0.783,1.0721823325227e-09
"SLC4A4",3.65916908698973e-14,0.356190919403908,0.207,0.01,1.11974233230973e-09
"RPL34",5.81575930397127e-14,-1.0639006505803,0.293,0.819,1.77968050460825e-09
"RPL35A",1.07657584052186e-13,-1.00356924900919,0.19,0.702,3.29442972958094e-09
"TRG-AS1",1.47093105365600e-13,0.637991302404113,0.466,0.102,4.50119611729274e-09
"ETS1",1.56006616434991e-13,0.765141088803836,0.966,0.73,4.77395846952716e-09
"RPS12",2.45485645625308e-13,-1.20056670005813,0.362,0.827,7.51210624178004e-09
"AC245297.3",3.57110783387095e-13,0.487950460619038,0.517,0.128,1.09279470824285e-08
"RPS11",4.62710931286141e-13,-0.989963291163344,0.31,0.798,1.41594172082872e-08
"XIST",5.25921181369874e-13,1.04312419682738,0.724,0.276,1.60937140710995e-08
"RPL30",7.06878137804232e-13,-1.10185139642514,0.293,0.791,2.16311778949473e-08
"TPT1",7.84506433571285e-13,-0.882131607234096,0.276,0.768,2.40066813737149e-08
"PDGFD",1.25073361233631e-12,0.665734316767044,0.259,0.028,3.82736992711034e-08
"RPS28",1.84069275893387e-12,-1.00070084773829,0.328,0.793,5.63270391161355e-08
"RPL11",2.03992918637461e-12,-0.993949912834752,0.345,0.811,6.24238730322496e-08
"RPL23",2.08641113537001e-12,-0.89463487745603,0.155,0.661,6.38462671534577e-08
"RPL32",2.21723835145122e-12,-0.963244756134678,0.19,0.719,6.78497107927587e-08
"RPS19",4.23243148894925e-12,-0.927378298031495,0.345,0.776,1.29516635993336e-07
"TRGC2",4.28605855649034e-12,0.476620929794901,0.276,0.036,1.31157677887161e-07
"KLRD1",4.33043336284832e-12,0.379659199907813,0.224,0.02,1.32515591336521e-07
"RPL18",4.34585202133378e-12,-0.976332290722654,0.241,0.712,1.32987417704835e-07
"RPL21",6.34559835486332e-12,-0.962765608952164,0.259,0.742,1.94181655257173e-07
"RPS20",8.14932270358604e-12,-0.825262085202229,0.19,0.722,2.49377424052437e-07
"RPL27A",8.26678944886596e-12,-0.851788379712417,0.276,0.763,2.52972023924747e-07
"RPS29",1.06767195326915e-11,-1.00668272548237,0.379,0.832,3.26718294419893e-07
"A2M-AS1",1.07232896107855e-11,0.327336056731722,0.241,0.026,3.28143385379647e-07
"SAMD3",1.0767069848207e-11,0.912599759872399,0.707,0.309,3.29483104424982e-07
"RPS24",1.18645893643975e-11,-0.907261897898791,0.207,0.691,3.63068299139928e-07
"RPL17",1.32834066713159e-11,-0.873748310985889,0.276,0.73,4.06485527548938e-07
"RPS13",1.43679853402652e-11,-0.895347847592057,0.155,0.651,4.39674719397455e-07
"RPL37",1.46742386120643e-11,-0.867303216412113,0.276,0.77,4.49046375767781e-07
"RPS15",1.57277522258727e-11,-0.955840090871103,0.328,0.763,4.8128494586393e-07
"TTC13",2.68503855454308e-11,0.410377280161056,0.31,0.051,8.21648648075729e-07
"RPL9",2.97748360723732e-11,-0.901482633764159,0.172,0.661,9.11139758650691e-07
"MBNL1-AS1",3.82255052776262e-11,0.272017821901981,0.241,0.028,1.16973868700064e-06
"PARP8",5.26582785606497e-11,1.06566096477027,0.879,0.681,1.61139598223444e-06
"RPL26",6.75409064065297e-11,-0.864639298162257,0.207,0.686,2.06681927694622e-06
"RPLP2",6.93906445893328e-11,-0.954550101514921,0.414,0.837,2.12342311507817e-06
"RPS21",8.01652659086322e-11,-0.893856689794304,0.259,0.699,2.45313730207005e-06
"RIPOR2",1.03507880622211e-10,0.816435095111904,1,0.944,3.16744465492029e-06
"RPL10",1.3462609301862e-10,-0.986779591045342,0.483,0.842,4.11969307246279e-06
"RPL36",1.57403791106352e-10,-0.82823365173352,0.138,0.605,4.81671341164547e-06
"RPLP1",2.13923465786971e-10,-1.04139574701643,0.586,0.87,6.5462719765471e-06
"KLRC2",2.29291530965923e-10,0.263960046476226,0.121,0.003,7.01655013908822e-06
"RPS26",3.37188267725347e-10,-0.782429962120395,0.19,0.645,1.03182981806633e-05
"RPL37A",4.18645029214222e-10,-0.870825528457988,0.414,0.781,1.28109565389844e-05
"RPS25",4.74668213961295e-10,-0.862999069894197,0.31,0.727,1.45253220154296e-05
"PRKCH",5.63968712049748e-10,0.751465453726433,0.966,0.852,1.72580065574343e-05
"MYBL1",7.47440733572074e-10,0.938726682730524,0.414,0.112,2.2872433888039e-05
"RPL15",1.02838519213383e-09,-0.769557744405912,0.155,0.594,3.14696152644874e-05
"RPS27A",1.17273377833728e-09,-0.93181005517607,0.448,0.829,3.58868263508992e-05
"ARHGAP15",1.2602647408167e-09,0.689941757776434,1,0.997,3.85653613337318e-05
"SLFN5",1.83842043334019e-09,0.654213938361702,0.672,0.293,5.62575036806432e-05
"PTGDR",2.19982516091795e-09,0.315130523437657,0.19,0.02,6.73168497492502e-05
"RPS6",2.47192177405027e-09,-0.821538999159512,0.414,0.76,7.56432782077124e-05
"RPS4X",3.49207768996607e-09,-0.740670619848681,0.241,0.645,0.000106861069390652
"EEF1A1",3.97985354706174e-09,-0.786239563068893,0.603,0.885,0.000121787498393636
"RPS3A",4.19088244823829e-09,-0.77598342341539,0.293,0.712,0.00012824519379854
"HIST1H2AC",4.21494338266374e-09,0.309590506541768,0.241,0.038,0.000128981482452893
"GAB3",4.53199936456333e-09,0.382961822580656,0.31,0.066,0.000138683712555003
"RPS5",4.84646469510662e-09,-0.735124247342039,0.086,0.505,0.000148306666134958
"IKZF2",6.31841373543658e-09,1.32062973418096,0.466,0.161,0.000193349778718095
"AC243829.1",6.39395600894477e-09,0.274128065896158,0.224,0.033,0.000195661447829719
"AC016074.2",7.25569945152483e-09,0.477961516889246,0.448,0.138,0.000222031658916111
"GRIK4",7.63793147131856e-09,0.300945007365483,0.103,0.003,0.000233728340953819
"LYZ",7.72724734771389e-09,0.30084629743141,0.207,0.028,0.000236461496087393
"FAU",1.00549639863317e-08,-0.786169592166976,0.379,0.737,0.000307691952945736
"AC092652.1",1.084305351663e-08,0.475158491716415,0.31,0.071,0.000331808280662394
"RPL7",1.23981478257411e-08,-0.690909556507029,0.138,0.541,0.000379395721615504
"ATP8B4",1.4549576752963e-08,0.687687204557985,0.224,0.036,0.00044523159821742
"PTPRC",1.51471889433455e-08,0.535999476873832,1,1,0.000463519128855316
"LINC00299",2.1263811655844e-08,0.266231032269972,0.138,0.01,0.000650693900480482
"JAKMIP2",2.17312754378288e-08,0.332231020459726,0.207,0.031,0.000664998759672998
"UBA52",2.42745798754149e-08,-0.729851058068863,0.121,0.52,0.000742826418767571
"RPL29",2.44912611951982e-08,-0.718278575904115,0.103,0.508,0.000749457083834259
"KIF21A",3.2789982293715e-08,0.347558356740789,0.224,0.038,0.00100340624816997
"IL18R1",3.28008968534129e-08,0.261317933244772,0.19,0.026,0.00100374024461129
"IGKC",3.32913690171491e-08,0.380224221245462,0.328,0.082,0.00101874918329378
"LINC01163",3.45796922204115e-08,0.259017542037398,0.172,0.02,0.00105817316163681
"RPL10A",3.57444581320868e-08,-0.688453813911381,0.19,0.594,0.00109381616329999
"RPS2",3.58154379674713e-08,-0.759974005206721,0.517,0.834,0.00109598821724259
"AC093865.1",3.64227110569591e-08,0.686958570683462,0.379,0.115,0.00111457138105401
"SLFN13",4.07543135197547e-08,0.309590506541768,0.224,0.038,0.00124712274801801
"OSBPL3",4.07593549938103e-08,0.431829187568983,0.466,0.153,0.00124727702216559
"ANO6",4.76105711219471e-08,0.500714870831615,0.483,0.171,0.0014569310869027
"PIP4K2A",4.76947474187306e-08,0.777048833367232,0.931,0.755,0.00145950696576057
"STK39",5.17831256742057e-08,0.580231193621838,0.707,0.365,0.00158461542875637
"DDX10",5.28944093726194e-08,0.575736543642487,0.397,0.125,0.00161862182121153
"RPL23A",5.68059443865449e-08,-0.684285136019928,0.31,0.681,0.00173831870417266
"RPS8",5.69630723368476e-08,-0.671419565782147,0.414,0.742,0.00174312697657987
"RPL7A",6.32060401880595e-08,-0.644033642047381,0.19,0.582,0.00193416803579481
"TOX",6.70593895299745e-08,1.25108880092789,0.586,0.286,0.00205208437900675
"CD226",7.06331229201639e-08,0.494334077409892,0.345,0.094,0.00216144419447994
"ATP8B2",7.98533485294254e-08,0.324454644783488,0.276,0.061,0.00244359231834895
"DTWD1",8.04909292412418e-08,0.2506968174882,0.207,0.033,0.00246310292571124
"AC244502.1",1.05930946194768e-07,0.295501716688725,0.172,0.023,0.0032415928845061
"GOLIM4",1.14589313571437e-07,0.262619778717593,0.138,0.013,0.00350654758459954
"RPL12",1.34120162751984e-07,-0.654204251958471,0.121,0.49,0.00410421110037346
"PRR5L",1.38964828278006e-07,0.31666255521727,0.207,0.036,0.00425246271013528
"HLA-C",1.79676709528162e-07,-0.683843742398345,0.552,0.827,0.00549828698827128
"EIF1",1.93532625854784e-07,-0.583121153896989,0.379,0.722,0.00592229188378224
"AC079793.1",2.43413328812043e-07,0.611993756006625,0.828,0.658,0.00744869127497733
"SYTL2",2.47565839684778e-07,0.517810530560309,0.31,0.084,0.0075757622601939
"RPS17",2.54236040203803e-07,-0.602581467902806,0.241,0.607,0.00777987706627656
"ANKRD36B",2.67247733895188e-07,0.403773858479649,0.414,0.138,0.00817804790492665
"IKZF3",2.70134953456471e-07,0.69079457880286,0.621,0.324,0.00826639971072146
"RPL5",3.401998495969e-07,-0.611383113777939,0.276,0.663,0.0104104555975147
"RPL36A",3.53078765677135e-07,-0.671832094390953,0.207,0.566,0.010804563308486
"SLAMF6",3.80794368270636e-07,0.337503552745359,0.397,0.128,0.0116526884634497
"ACTN4",4.12771836782261e-07,0.254228508458453,0.207,0.038,0.012631230977374
"AC053513.1",4.24639103471013e-07,0.384395800663031,0.397,0.133,0.0129943812053165
"RFX3-AS1",4.75773293591157e-07,0.579469337386651,0.448,0.171,0.014559138557183
"C1orf21",5.4719414409825e-07,0.360980520808602,0.224,0.046,0.0167446880035505
"ZBTB16",5.80965802525919e-07,0.292060581984192,0.207,0.038,0.0177781345230956
"KLRG1",5.9221619335083e-07,0.370217047890081,0.293,0.077,0.0181224077327288
"BTN2A1",6.38245776240334e-07,0.271302021817394,0.259,0.061,0.0195309589987305
"HIST1H1C",6.5736926135183e-07,0.264448350776332,0.276,0.069,0.0201161567666273
"RPL14",6.62918851924953e-07,-0.605327358605036,0.259,0.607,0.0202859797877555
"ROCK2",7.65069079361697e-07,0.428182875335766,0.31,0.092,0.0234118788975473
"AC022075.1",7.7062582821351e-07,0.321661778749539,0.224,0.048,0.0235819209691616
"CPB2-AS1",8.13793277780074e-07,0.327885550183762,0.259,0.064,0.024902888093348
"PUDP",8.18894237798936e-07,0.336203724070361,0.31,0.087,0.0250589825708853
"MAPKAP1",8.53788937301585e-07,0.437632344883436,0.5,0.204,0.0261267952703658
"ARAP2",1.05845800625109e-06,0.70325543571832,0.741,0.49,0.0323898734492897
"AC026347.1",1.10153653047323e-06,0.281643966038853,0.241,0.056,0.0337081193690112
"UST",1.17203986238181e-06,0.378862582506416,0.293,0.079,0.0358655918287459
"RPS9",1.66886467840308e-06,-0.600823155630448,0.293,0.617,0.0510689280238126
"XPO1",1.91988288535417e-06,0.40139759583306,0.586,0.278,0.058750336174723
"IL1RAP",1.93409266992676e-06,0.26355882418597,0.207,0.043,0.0591851697924288
"DPYD-AS1",2.02833538586762e-06,0.269946742205383,0.276,0.074,0.0620690911429351
"RASA1",2.04028096507402e-06,0.508152495847533,0.569,0.273,0.0624346378122302
"AC009554.1",2.33209498910192e-06,0.283557173724037,0.241,0.059,0.0713644387615077
"AC092683.1",2.37800021605386e-06,0.266856116786202,0.379,0.128,0.0727691846114641
"CD84",2.67995419931309e-06,0.428541763628591,0.397,0.151,0.0820092784531798
"RAP1GAP2",2.89354503562958e-06,0.325389537379692,0.483,0.184,0.0885453716353006
"RPL38",3.03820635525714e-06,-0.606675881875885,0.224,0.533,0.0929721526772236
"RPS7",3.15102887625691e-06,-0.597114425976488,0.259,0.579,0.0964246346423378
"HNRNPLL",3.64908410903449e-06,0.424652798724191,0.259,0.071,0.111665622820564
"IL12RB2",3.75271086002453e-06,0.55716435710545,0.19,0.038,0.114836705027611
"ST7L",3.87716061796888e-06,0.270596374925905,0.19,0.038,0.118644992070466
"RAB3IP",4.67883157286862e-06,0.297297230350339,0.276,0.079,0.143176924961353
"KLRF1",4.89067157593201e-06,0.264875752657961,0.155,0.026,0.149659440895096
"TTC39B",4.96495645429219e-06,0.425319701089389,0.362,0.133,0.151932632457795
"LNPEP",5.2289347203416e-06,0.426148883847365,0.741,0.406,0.160010631377173
"EMB",5.32282048573101e-06,0.441227023259707,0.741,0.403,0.162883629683855
"NCALD",5.38116648098649e-06,0.928495197254116,0.414,0.176,0.164669075484668
"LINC00861",5.48736037374654e-06,0.484867751386888,0.672,0.362,0.167918714797018
"ITK",5.60105664079002e-06,0.636989604713541,0.793,0.599,0.171397934264815
"KLRK1",5.9578237703802e-06,0.449014613319975,0.466,0.202,0.182315365197404
"CARD8",6.11211509469178e-06,0.474693481223786,0.517,0.245,0.187036834012663
"WDR63",6.43785690097166e-06,0.306308471645308,0.121,0.015,0.197004859026634
"MT-CO3",6.89761120226061e-06,-0.532916226612293,1,1,0.211073800400377
"OPRM1",7.30545430918764e-06,0.385332077835974,0.328,0.115,0.223554207315451
"SYNE1",7.38702188819785e-06,0.78122981084025,0.724,0.477,0.226050256800742
"ZNF451-AS1",7.46491564663972e-06,0.266564102810731,0.276,0.082,0.228433883702822
"NABP1",7.74818677051464e-06,0.318501722336903,0.276,0.082,0.237102263364519
"PTPN22",7.85212415356942e-06,0.402445380787889,0.431,0.176,0.240282851223378
"TMEM106B",8.06780017528174e-06,0.281390839440978,0.362,0.128,0.246882753163797
"TRANK1",8.4523038368766e-06,0.280423411785942,0.414,0.158,0.258648949712261
"FLI1",8.56875422438915e-06,0.555631206014416,0.483,0.224,0.262212448020532
"SLA",9.07140487005748e-06,0.319323536680338,0.362,0.13,0.277594060428629
"CANX",9.21169690854263e-06,0.269946742205383,0.259,0.074,0.281887137098313
"LINC01934",9.22098167975279e-06,1.22621413228886,0.534,0.309,0.282171260382115
"CD2",9.3036114614514e-06,0.41532337960097,0.517,0.242,0.284699814331874
"ZNF718",9.66116067537714e-06,0.31194400631474,0.31,0.102,0.295641177827216
"SLFN12L",1.01703676395837e-05,0.434800754100274,0.621,0.321,0.3112234201389
"SNTB1",1.1291455199009e-05,0.490691954992319,0.362,0.138,0.345529820544874
"EXT2",1.16500166046364e-05,0.361869231646422,0.259,0.077,0.356502158118478
"SUPT16H",1.19131077547813e-05,0.323155398271365,0.397,0.156,0.364553010404064
"VPS50",1.32755502639152e-05,0.382998323865706,0.397,0.161,0.40624511362607
"TMSB10",1.33684272670749e-05,-0.60784358330822,0.362,0.686,0.40908724279976
"PRKCQ",1.44057007907687e-05,0.471326630125388,0.81,0.51,0.440828849898313
"AGPAT4",1.44850351240828e-05,0.295594935119338,0.224,0.059,0.443256559832057
"TRMT13",1.470001882366e-05,0.261033686363567,0.224,0.059,0.44983527602282
"GOLGA8B",1.47883148420241e-05,0.395272389913636,0.569,0.288,0.45253722248078
"RPL8",1.5326560631301e-05,-0.487986726117999,0.155,0.467,0.469008081878441
"PTK2B",1.57428482532577e-05,0.372679042192476,0.5,0.235,0.481746899397939
"ITGA4",1.6363184881477e-05,0.756728848987636,0.81,0.656,0.500729820558078
"AOAH",1.75261834209464e-05,1.32458544571569,0.586,0.408,0.536318738864382
"CLASP1",1.83800737088145e-05,0.414809278912808,0.69,0.372,0.562448635563431
"PUS7L",1.91314296668112e-05,0.295594935119338,0.241,0.069,0.585440879234089
"BACH2",1.94236745472436e-05,-0.293644673527483,0.569,0.883,0.5943838648202
"MT-ATP8",1.97771458950512e-05,0.512803266101547,0.828,0.64,0.605200441534461
"RORA",2.00007023823994e-05,0.618049534593248,0.862,0.676,0.612041493603804
"WNK1",2.00659903430389e-05,0.399176844369553,0.741,0.441,0.614039370487333
"IL2RB",2.02794771377852e-05,0.288341925115859,0.155,0.031,0.620572279893366
"LINC01138",2.11414345576248e-05,0.417591464068051,0.448,0.199,0.646949038897878
"RPL6",2.22654287428378e-05,-0.476306196309315,0.241,0.561,0.681344384959579
"AC010609.1",2.24432630491886e-05,0.396832903901253,0.362,0.145,0.686786292568219
"SPECC1L",2.24443400719719e-05,0.295790499100184,0.362,0.135,0.686819250542412
"VWA8",2.32832694249844e-05,0.478980202668823,0.586,0.316,0.712491327673946
"CEP350",2.34326030451318e-05,0.455726592954822,0.621,0.362,0.717061085784079
"NNT",2.37427141566315e-05,0.318807459035454,0.362,0.135,0.726550795907079
"ELP3",2.52769298324976e-05,0.297297230350339,0.259,0.079,0.773499329804258
"MCPH1",2.64801326134628e-05,0.418406315849605,0.5,0.237,0.810318538104576
"FTO",2.73158184518729e-05,0.447511805849828,0.552,0.278,0.835891360445764
"CA5B",2.79551164610556e-05,0.313238774219361,0.414,0.168,0.855454518824762
"MSC-AS1",2.89347037702692e-05,0.266231032269972,0.103,0.013,0.885430870074007
"TGFBR3",2.93600472774209e-05,0.562017168427302,0.397,0.176,0.898446806736356
"RACK1",2.96410175785546e-05,-0.505365996382543,0.103,0.372,0.90704477892135
"SMURF2",3.06373248807349e-05,0.273100519919692,0.379,0.151,0.937532778675369
"NEO1",3.13244659038379e-05,0.283557173724037,0.207,0.054,0.958559981123345
"PLCL2",3.27844545768346e-05,0.515278091835504,0.828,0.653,1
"RESF1",3.46133800242367e-05,0.456333915649915,0.672,0.398,1
"HINT1",3.55940183986183e-05,-0.4632079206225,0.086,0.352,1
"ZBTB20",3.60461074626172e-05,0.514326466919694,0.931,0.895,1
"NIBAN1",3.6289176313004e-05,0.407144411197408,0.328,0.122,1
"RTKN2",3.69868817910226e-05,0.492313212755482,0.172,0.041,1
"ARHGAP35",3.81290391084716e-05,0.31661932775196,0.293,0.102,1
"SRBD1",3.93394729051289e-05,0.334846968666737,0.397,0.163,1
"RPL31",4.06158733224142e-05,-0.551226303347122,0.293,0.589,1
"VAV3",4.11560858689357e-05,0.615372999742095,0.414,0.184,1
"WWP1",4.24632601638665e-05,0.531884948657092,0.586,0.355,1
"MDN1",4.24722869964203e-05,0.262464658558217,0.483,0.212,1
"CBR4",4.33421888112492e-05,0.323117965050702,0.293,0.102,1
"MGA",4.48118472197794e-05,0.316582901118261,0.397,0.168,1
"ZNF81",4.57351957871519e-05,0.318155835248003,0.19,0.048,1
"SAMD9",4.97573964715516e-05,0.292447830688943,0.31,0.115,1
"SETDB2",5.07274764891674e-05,0.255331064905611,0.293,0.102,1
"LINC01184",5.15176247824112e-05,0.351974322970653,0.345,0.14,1
"PFN1",5.27477544077024e-05,-0.790758946314857,0.276,0.523,1
"IQGAP2",5.38638136616341e-05,0.541131989160041,0.862,0.719,1
"PDSS2",5.59773406617392e-05,0.327302368187992,0.552,0.265,1
"TAF15",5.6624970548386e-05,0.387495039321917,0.552,0.291,1
"AC087854.1",5.70136109283491e-05,0.306925931548116,0.31,0.115,1
"MBP",5.72616497791819e-05,0.467684115914057,0.69,0.436,1
"EFL1",6.06112932299078e-05,0.258643798946447,0.259,0.084,1
"RPL24",6.21532712793513e-05,-0.498268237780739,0.207,0.482,1
"ZNF831",6.3212050956446e-05,0.456069370853925,0.603,0.332,1
"HIVEP2",6.4044734750342e-05,0.53159834552187,0.759,0.566,1
"ST8SIA4",6.41611288539893e-05,0.445730314258533,0.448,0.219,1
"RABGAP1L",6.94646263806091e-05,0.659157362317236,0.862,0.872,1
"RPL3",7.50679283124509e-05,-0.508144556509939,0.466,0.722,1
"GOPC",7.50804367590156e-05,0.341691349708792,0.31,0.12,1
"AUH",7.86546191314232e-05,0.318870642298691,0.5,0.242,1
"RPL35",8.07122450128926e-05,-0.459846245753498,0.19,0.454,1
"FILIP1L",8.21560630274245e-05,0.292325272387813,0.259,0.087,1
"LINC01422",8.52863543844511e-05,0.292196358657473,0.224,0.069,1
"ORC4",8.79874066858139e-05,0.31661932775196,0.293,0.11,1
"SLC9A9",8.8609682855229e-05,0.561971994565388,0.5,0.268,1
"GTDC1",9.04602287691902e-05,0.434800754100274,0.414,0.191,1
"SIDT1",9.48696814613881e-05,0.38305037946985,0.586,0.332,1
"CCNY",9.99806448803485e-05,0.370907137501647,0.5,0.245,1
"UBA6-AS1",0.000100146259325495,0.496861722232525,0.31,0.13,1
"JARID2",0.000101227113433778,0.420325431584395,0.517,0.288,1
"ERN1",0.000109925188380518,0.313975971496969,0.328,0.13,1
"PHF14",0.000111427132981309,0.471039897531601,0.586,0.339,1
"PSAP",0.00011238863180225,0.312995916708327,0.328,0.133,1
"MFSD4B",0.000113473274920099,0.273787285206989,0.328,0.128,1
"USO1",0.000114377340633193,0.257375063775317,0.31,0.117,1
"ATP8A1",0.000116316161045972,0.50760918973247,0.759,0.592,1
"SCFD2",0.000117615103973405,0.561333160029206,0.534,0.293,1
"PSMD1",0.000118663755354856,0.348881727915271,0.345,0.148,1
"ZNF407",0.00012103320774952,0.508262916041295,0.603,0.401,1
"UBR2",0.00012327666405057,0.405506447306236,0.586,0.332,1
"RAPGEF2",0.000124165985674628,0.410450892684525,0.345,0.145,1
"CDC73",0.00012638552539914,0.324314780988819,0.483,0.24,1
"CTSC",0.000130796962128184,0.269346708609721,0.293,0.11,1
"ARHGAP12",0.000132322868784019,0.290108899380805,0.397,0.176,1
"LINC00402",0.000134252933170262,0.258643798946447,0.259,0.089,1
"CHD1",0.000135133447219148,-0.49565831264665,0.483,0.707,1
"IPCEF1",0.000135342665511971,0.48068538259198,0.5,0.281,1
"RPL22",0.00013606405655269,-0.500373226636459,0.138,0.38,1
"HLA-B",0.000139341067551488,-0.468638815805617,0.845,0.939,1
"NDUFV2-AS1",0.000139489070294466,0.285423130062047,0.224,0.071,1
"TBCK",0.000146632509517993,0.47283116153809,0.552,0.309,1
"ITGAL",0.000149043218359054,0.354269415788262,0.552,0.293,1
"RPSA",0.000160572860007694,-0.452724516641314,0.362,0.625,1
"MDFIC",0.00016444610679968,0.42220071732064,0.5,0.278,1
"INPP4A",0.000170589624534209,0.335964738681835,0.569,0.298,1
"ST6GAL1",0.000171305546990574,0.376219032837063,0.5,0.258,1
"SPN",0.000172614781044901,0.271971330593439,0.241,0.082,1
"PPP2R2B",0.000174527370574639,0.391830715134716,0.224,0.074,1
"AKAP11",0.00018115912225169,0.304854581528421,0.362,0.156,1
"NCOA7",0.000181654295811103,0.350169503633097,0.414,0.199,1
"DECR1",0.000182562872086728,0.279522528622363,0.397,0.181,1
"PDE8A",0.00018709493930763,0.295824340951463,0.379,0.163,1
"HIVEP3",0.000187959190639131,0.440888083979189,0.293,0.115,1
"TMEM161B",0.000189248517278231,0.298739204524245,0.431,0.209,1
"UTY",0.000190664202812912,-0.6188372095018,0.069,0.306,1
"LINC02446",0.000192563147410977,0.30084629743141,0.138,0.031,1
"CCNH",0.000194515473764933,0.443504822981134,0.672,0.413,1
"ARHGAP26",0.000194813568601238,0.601631265222963,0.672,0.536,1
"MYO1F",0.000200722408651802,0.254228508458453,0.397,0.168,1
"ARHGAP25",0.000201576637807726,0.327283925887767,0.741,0.444,1
"CAP1",0.000205737474864083,0.271894382754022,0.397,0.181,1
"AMMECR1",0.000208362168230553,0.276899897074324,0.31,0.12,1
"ZNF33A",0.000208649619779996,0.287459038025087,0.448,0.207,1
"CCDC91",0.000212624408819722,0.409988998704648,0.776,0.689,1
"WASHC4",0.000213318998788729,0.288175840381791,0.362,0.158,1
"RAP2C-AS1",0.000219008481267369,0.369447016106174,0.207,0.066,1
"NFATC2",0.000226649874743036,0.292675672609961,0.328,0.138,1
"ZMYND11",0.000226949308404988,0.374046723021177,0.379,0.179,1
"NEAT1",0.000229535187409295,0.413804821608304,0.879,0.668,1
"PLCB1",0.000233221122099497,0.937301094629457,0.397,0.219,1
"MALAT1",0.000237844027954218,-0.269905788218007,1,1,1
"AHNAK",0.000240835886681574,0.272133306796251,0.586,0.334,1
"COX4I1",0.00024911216248499,-0.398089260064468,0.086,0.319,1
"LMBRD2",0.000249214445255946,0.252025920181939,0.259,0.094,1
"H3F3B",0.000253622636609964,-0.458818769580474,0.345,0.577,1
"AL359232.1",0.000258698688161485,0.269946742205383,0.19,0.056,1
"METTL15",0.000259770083528082,0.460335846207411,0.466,0.245,1
"AKAP10",0.000260966392010416,0.356308445780975,0.379,0.179,1
"CASC19",0.000266736170115439,0.267871116417121,0.19,0.056,1
"GLCCI1",0.000270403741804151,0.439388023595926,0.552,0.314,1
"EPM2AIP1",0.000296944181753227,0.270641598349286,0.259,0.097,1
"MCTP2",0.00029722911622783,0.735195687437995,0.431,0.237,1
"NFAT5",0.00030370504723192,0.316859496728857,0.534,0.278,1
"MBNL2",0.000306372672654933,0.274167355511784,0.414,0.191,1
"RNF213",0.000323576528817715,0.313064546208655,0.862,0.724,1
"TRAPPC8",0.000324778049707437,0.304521557118252,0.397,0.191,1
"TMSB4X",0.00032750371050642,-1.07212520036488,0.81,0.862,1
"PIK3R1",0.000328985849488272,0.60961373045341,0.655,0.487,1
"CEP85L",0.000335885040047371,0.46490750923111,0.776,0.612,1
"CAAP1",0.000342207558391614,0.253154675107135,0.293,0.117,1
"AC010894.3",0.000344360062949278,0.260093130521671,0.414,0.196,1
"LCP1",0.000347730089982122,0.310843762188287,0.552,0.304,1
"IARS",0.000354066971234004,0.29417788850616,0.328,0.143,1
"RPLP0",0.000363761111551689,-0.401361016017706,0.138,0.375,1
"SNAPC3",0.000369021655971848,0.261964157238058,0.241,0.087,1
"VPS8",0.000373126488672055,0.349764650244474,0.552,0.327,1
"PABPC1",0.00037476519106536,-0.431474886172985,0.603,0.809,1
"B2M",0.000377899750685307,-0.754851942841261,0.983,0.974,1
"KIFAP3",0.000382906005772571,0.378217225733906,0.379,0.181,1
"DPYD",0.000383526614251949,0.423706924216689,0.966,0.852,1
"TBC1D31",0.000410848965337679,0.290754384483567,0.259,0.099,1
"PYHIN1",0.000419183182750654,0.455394688827184,0.534,0.309,1
"EEF1B2",0.000424246576736057,-0.3587483684323,0.086,0.316,1
"CREB1",0.000428755922209779,0.339041771294843,0.483,0.26,1
"CHST11",0.000445706023783124,0.544854299565187,0.707,0.599,1
"DOCK10",0.000455796798589897,0.457397052552073,0.948,0.89,1
"HLA-A",0.000457107967953271,-0.500871670795529,0.655,0.849,1
"KPNB1",0.000458084686922968,0.283111324107028,0.448,0.227,1
"ATG10",0.000475871509623861,0.375907065046705,0.379,0.181,1
"RUNX2",0.000478446559507689,0.575065011088558,0.466,0.278,1
"RPL27",0.000483971750027277,-0.426871089351753,0.155,0.385,1
"XRRA1",0.000493947767398279,0.272529325201397,0.328,0.145,1
"SLC30A7",0.000506606918888612,0.320468078621279,0.448,0.232,1
"AC006369.1",0.000514716985101263,0.254228508458453,0.207,0.069,1
"INVS",0.000520963510137215,0.458259726924263,0.534,0.311,1
"ELOVL5",0.000524322144644937,0.324288303447347,0.517,0.283,1
"SMARCA2",0.000527555169673661,0.263688837707519,0.569,0.309,1
"TXNIP",0.000529153716454848,0.404494271193823,0.828,0.684,1
"GNG2",0.000539008808482982,0.512575908912378,0.621,0.413,1
"RUNX1",0.000545231656669221,0.592131664355426,0.724,0.64,1
"HELB",0.000554772870561654,0.347166479774943,0.448,0.237,1
"ABCB1",0.000555788788640283,0.254228508458453,0.19,0.061,1
"AC093157.1",0.000558125414695339,0.370217047890081,0.241,0.092,1
"F5",0.000566364291262493,0.274128065896158,0.138,0.036,1
"BMT2",0.000573201882438173,0.348146371846092,0.259,0.102,1
"CDC14A",0.000590181131298222,0.449219814013237,0.741,0.602,1
"ITCH",0.000593180011432775,0.347050265547438,0.621,0.372,1
"ZNF638",0.000605062452371688,0.366494740709365,0.655,0.436,1
"RECQL",0.000642312068301216,0.253154675107135,0.276,0.115,1
"FAM120B",0.000655650162232175,0.339941567758833,0.466,0.26,1
"USP32",0.000676724485608312,0.282126795708985,0.328,0.145,1
"CD53",0.000698031250689922,0.260943935824431,0.655,0.388,1
"AP4S1",0.00070733957777815,0.275874751607218,0.276,0.117,1
"CD46",0.000720975200138335,0.256094867115752,0.448,0.235,1
"MT-ND4L",0.000731209424028336,0.316964263806416,0.862,0.684,1
"INO80",0.000731296214789011,0.33010337543358,0.362,0.173,1
"GSAP",0.000731698303929131,0.275874751607218,0.224,0.082,1
"UTRN",0.000735095286026578,0.369366308151641,0.948,0.949,1
"REV1",0.000755509035523039,0.252185030721778,0.345,0.156,1
"ALG13",0.000756873873487181,0.261244668382207,0.483,0.253,1
"SH3GLB1",0.00075895661376824,0.268274329119826,0.345,0.163,1
"CLTC",0.000771120234771059,0.284860127112116,0.31,0.14,1
"PLEKHA1",0.000793222884055874,0.251200815760885,0.345,0.161,1
"APAF1",0.000796196440221546,0.269946742205383,0.207,0.074,1
"FBXO11",0.000808489667643685,0.355244579559619,0.603,0.393,1
"PAM",0.000820306524280578,0.561303475251458,0.603,0.403,1
"BBS9",0.000824966652290492,0.450341604996052,0.448,0.24,1
"ARL15",0.000843943377247472,0.535922678543139,0.759,0.61,1
"ELMO1",0.000848102876567936,0.354269415788262,0.879,0.809,1
"SPATA13",0.000862312255347535,0.301277081262884,0.5,0.283,1
"SYNE2",0.000864736811895267,0.539251918065305,0.931,0.832,1
"EHBP1",0.000875692489115122,0.43179826593875,0.328,0.158,1
"VPS13C",0.000902636370512167,0.338355637145536,0.81,0.643,1
"SNX14",0.000912391072646024,0.324314780988819,0.466,0.258,1
"PRKCA",0.000923901306645161,-0.463371760840822,0.517,0.745,1
"KCNAB2",0.000949917081823264,0.271894382754022,0.345,0.163,1
"IL10RA",0.00097355045698096,0.280290805044649,0.397,0.199,1
"CPQ",0.000977808506237037,0.329718708042716,0.31,0.14,1
"PIKFYVE",0.000996996949007495,0.320959908124706,0.397,0.209,1
"HNRNPC",0.00101471341254534,-0.426742684292624,0.569,0.732,1
"TMEM209",0.00103527552592763,0.255331064905611,0.224,0.084,1
"XKR6",0.00109430012128837,0.304740213535901,0.466,0.253,1
"SLF1",0.0011162678530408,0.326915997028394,0.293,0.13,1
"EPHA4",0.00116898121607876,0.434800754100274,0.224,0.089,1
"TAFA1",0.0011958276635633,0.797103196893752,0.397,0.23,1
"WDPCP",0.0012210545957143,0.303678023772061,0.448,0.24,1
"FMN1",0.00122976575976227,0.35463040541629,0.345,0.163,1
"RNGTT",0.00123843483107007,0.346206830831285,0.586,0.378,1
"IFNAR2",0.00123981522664032,0.408372628822629,0.552,0.344,1
"IRF1",0.00124514310063111,-0.393927818749897,0.069,0.27,1
"OXNAD1",0.0012560047671048,0.432530580475447,0.552,0.342,1
"MAGED1",0.00127395636538554,0.409806374633404,0.379,0.204,1
"ATF7IP",0.00128506589211638,0.312510324296846,0.793,0.574,1
"IQGAP1",0.00129724168081829,0.317307191081833,0.448,0.247,1
"HMGN3",0.00131317594755147,0.269346708609721,0.259,0.11,1
"AL365295.1",0.00136141106466981,0.360278810833962,0.207,0.079,1
"AF165147.1",0.00137040559573429,0.396639759106683,0.345,0.171,1
"P2RY8",0.00139015777454676,-0.51372302840864,0.448,0.617,1
"CMIP",0.00140973762463666,0.298649968415588,0.431,0.232,1
"RAB27A",0.00141271300099225,0.373281180102216,0.414,0.227,1
"HDAC8",0.0014363197194029,0.411900351990195,0.345,0.171,1
"RASGRP1",0.00145436597172581,0.315842525939901,0.621,0.385,1
"SETX",0.00151178750935525,0.304740213535901,0.517,0.304,1
"TMTC2",0.00152037673471209,0.322497784475481,0.224,0.089,1
"UBE3C",0.00152327958793792,0.28517932861814,0.466,0.25,1
"SPATA5",0.00153411849441247,0.30277236041649,0.414,0.23,1
"TMEM156",0.00157014865836189,0.339774146714501,0.379,0.202,1
"DDHD1",0.00164381310132061,0.356088778086233,0.5,0.283,1
"UMAD1",0.00167479779406597,0.453690648071194,0.5,0.321,1
"TGFBR1",0.00167484018162034,0.272607037773307,0.241,0.099,1
"LYST",0.00169510280970162,0.573777167249084,0.69,0.467,1
"PRKACB",0.00169696000252262,0.378625285428577,0.638,0.408,1
"TRBC2",0.00176669172212851,-0.507216061793318,0.138,0.319,1
"SENP7",0.00178374540790471,0.266828545238086,0.638,0.401,1
"ZNF451",0.0017855667479781,0.274949798832539,0.483,0.283,1
"SOD1",0.00183619553757816,-0.264509947386703,0.017,0.176,1
"BTN3A1",0.00186158312653198,0.250837919257679,0.517,0.309,1
"MT-ND5",0.00189129627490792,0.312563987003649,0.948,0.98,1
"PCNX4",0.00190240501925343,0.334370663260396,0.276,0.13,1
"USP9Y",0.00193928079858616,-0.418196833513043,0.069,0.253,1
"TSPAN5",0.00195428100424439,0.287243565686416,0.379,0.196,1
"C11orf65",0.00197477498277185,0.275077065508776,0.293,0.138,1
"MED17",0.0019798843466945,0.291065276638824,0.293,0.138,1
"SFMBT2",0.00198065919634497,0.354630405416291,0.534,0.334,1
"CRADD",0.00204522879909327,0.559323111123217,0.293,0.148,1
"SACM1L",0.00209073249252967,0.287243565686416,0.397,0.219,1
"NLK",0.0020926300647125,0.363688451981323,0.345,0.179,1
"KIAA1328",0.0021066863944351,0.287665468026282,0.379,0.196,1
"DENND1B",0.00215399165514043,0.463421432040041,0.414,0.245,1
"STAT5B",0.00215956311034052,0.285657314794464,0.483,0.278,1
"SNHG14",0.0022040308482322,0.351214123827299,0.552,0.342,1
"EEF1G",0.00221575764501305,-0.36596787494538,0.155,0.352,1
"RIN3",0.0022775506070123,0.279915152122102,0.362,0.189,1
"SYNRG",0.00230919377296778,0.360669024523059,0.517,0.324,1
"TOPBP1",0.00239735835603021,0.317496844696,0.293,0.14,1
"ARID5B",0.00247069795574952,0.329914181932439,0.552,0.334,1
"RBM26",0.00247814525365578,0.330705488921906,0.707,0.485,1
"PRKDC",0.00253909159385627,0.271783642599998,0.534,0.337,1
"DENND4C",0.00254145169457397,0.380083584391205,0.534,0.332,1
"TXK",0.00254349993696756,0.434800754100274,0.638,0.464,1
"RBM39",0.00262009175007411,-0.336028291932216,0.672,0.865,1
"SLC39A10",0.00263661280683706,0.39215641669178,0.397,0.227,1
"AFF3",0.00266189022081516,-0.466438173731656,0.362,0.546,1
"MT-CO2",0.00267395563348396,-0.350659343854228,1,1,1
"HNRNPDL",0.00272161797056549,0.294676530191203,0.466,0.283,1
"EIF4A1",0.00274173536005741,-0.309360341470136,0.069,0.245,1
"SKAP1",0.00279556232923487,0.406298796195259,0.948,0.957,1
"DIP2A",0.00282280703340552,0.287047133656582,0.517,0.309,1
"DGKH",0.00286496715829943,0.345660251911738,0.293,0.143,1
"STRN3",0.00287462162056002,0.268150884690822,0.448,0.245,1
"ATP11C",0.00289681009692349,0.269463022153613,0.31,0.153,1
"OFD1",0.00291183504749823,0.320468078621279,0.431,0.237,1
"SUCLG2",0.0030233476538496,0.321791792271087,0.655,0.462,1
"RFTN1",0.00309877892996398,0.279027314926621,0.552,0.332,1
"UBE2W",0.00311352795191762,0.272460347885953,0.345,0.181,1
"KPNA5",0.00328194647707846,0.25874964986112,0.448,0.26,1
"CASK",0.00329007351160315,0.350736489311799,0.793,0.602,1
"ODF2L",0.00332090935202163,0.271302021817394,0.362,0.196,1
"STIM1",0.00335710407004127,0.32376944171153,0.638,0.421,1
"CHD9",0.00339974871338403,0.277156907347949,0.431,0.25,1
"UBE2E2",0.00345198717009741,-0.337418305567917,0.103,0.304,1
"ITGB1",0.00346524193410329,0.442347563153622,0.397,0.224,1
"ITGA6",0.00355047299551715,0.357917664123376,0.345,0.186,1
"TRPS1",0.003692215665509,0.657193175436722,0.569,0.434,1
"DPH6",0.00372119241914298,0.469496495361519,0.293,0.151,1
"FARS2",0.00372852953803815,0.293482256666172,0.466,0.273,1
"CD3D",0.00381002254660026,-0.477228323981734,0.207,0.37,1
"DNAJB14",0.00387265752686596,0.366413779120024,0.431,0.263,1
"GPRIN3",0.00389881970480307,0.332638101455906,0.603,0.395,1
"CDK6",0.00394305192755692,0.318607736595751,0.345,0.173,1
"TNIK",0.004002208892779,0.539347530434674,0.759,0.653,1
"LRRC28",0.00402899089669253,0.300664081448738,0.19,0.077,1
"TRIM33",0.004049580502152,0.258609608214237,0.466,0.283,1
"AP3B1",0.00409921978443156,0.311729111692925,0.707,0.523,1
"LINC01578",0.0041251778636967,-0.404644289589871,0.466,0.574,1
"ATP5MG",0.00416003193585805,-0.288359040540902,0.086,0.253,1
"SATB1-AS1",0.00418485106875239,0.33674552710399,0.31,0.166,1
"SPG11",0.00419808728476132,0.299821631765885,0.483,0.283,1
"MT-CYB",0.00419930913270665,-0.394187468480683,1,0.997,1
"JPX",0.00420620408651264,0.258126633069661,0.552,0.352,1
"LRBA",0.00420634925334796,0.36147396189933,0.966,0.883,1
"LITAF",0.0043138985143639,0.295973049402957,0.448,0.27,1
"RALGAPA2",0.00437648104048548,0.296116145519012,0.534,0.332,1
"RAB3GAP2",0.00442903767357162,0.294385634930435,0.345,0.189,1
"OVCH1-AS1",0.0045079658981405,0.297297230350339,0.138,0.046,1
"GLS",0.0045289792140908,0.317883002321123,0.741,0.582,1
"RYBP",0.00456239038317763,0.304854581528421,0.31,0.156,1
"EXOC4",0.0047223422759405,0.340727303538012,0.81,0.694,1
"APOLD1",0.00474125977565476,0.257496222292364,0.224,0.099,1
"RPS10",0.00483372326505744,-0.284930302649579,0.103,0.27,1
"TCF12",0.00485354436892982,0.29997633054622,0.845,0.714,1
"WARS2-AS1",0.00493169929066095,0.30057981433964,0.207,0.089,1
"IKZF1",0.0049432540956344,0.357031895843278,0.879,0.75,1
"SGMS1",0.00496949868579455,0.417036474624434,0.466,0.301,1
"PAG1",0.00499855925312856,0.330464094285538,0.707,0.62,1
"SLC16A7",0.00501850431551107,0.376219032837063,0.466,0.293,1
"JAZF1",0.00502127260012813,0.51741051212765,0.345,0.202,1
"TMEM135",0.00512237970250823,0.311317700665273,0.379,0.217,1
"JUNB",0.00515633397802924,-0.316300360776466,0.086,0.253,1
"CCL5",0.00526637577008366,0.389800769460923,0.328,0.176,1
"DLEU1",0.00535375873359981,0.474957880572256,0.293,0.156,1
"TASP1",0.00545335835948123,0.336903110859746,0.345,0.199,1
"DOCK2",0.00547650389668446,0.307302624163872,0.793,0.714,1
"DIS3L2",0.00550326760942082,0.295917321071643,0.379,0.219,1
"DYM",0.00561974429635836,0.251493540737214,0.672,0.446,1
"PRMT3",0.0056820149033783,0.268935007273478,0.31,0.163,1
"MT-ND1",0.00580178883535446,-0.308137807795233,0.983,0.992,1
"CCDC141",0.00584508510269998,0.344700099581131,0.293,0.161,1
"TRIP12",0.00589817201897959,0.276848394324037,0.603,0.434,1
"ENOX2",0.00590468779637817,0.331244562273676,0.259,0.13,1
"STAU2",0.00594593566426051,0.38086194698947,0.379,0.24,1
"CD74",0.00596382523023433,-0.366031044375996,0.241,0.423,1
"PDE4B",0.00597086393131016,0.339889107074807,0.362,0.207,1
"RCSD1",0.00606791804841918,0.316501441247491,0.5,0.337,1
"LINC01278",0.0060797981850038,0.334846968666737,0.328,0.179,1
"CLEC2D",0.00611097300083113,0.34434580315477,0.862,0.768,1
"RB1CC1",0.00620831537038964,-0.372554167957331,0.345,0.52,1
"SP100",0.00631315224681153,0.263814557287651,0.759,0.594,1
"ASCC3",0.0063485834657897,0.424074347507215,0.552,0.388,1
"ERP44",0.00634903768322376,0.256035265164084,0.431,0.26,1
"KIDINS220",0.00636850211720376,0.269658549028059,0.414,0.247,1
"MGAT4A",0.00638790566584282,0.344081897133786,0.69,0.513,1
"MEF2A",0.00652857811354925,0.257496222292364,0.466,0.286,1
"SF1",0.00654503366539649,-0.393246563110432,0.414,0.556,1
"CAMKMT",0.00681402657923195,0.482467187730588,0.638,0.487,1
"IP6K1",0.00688020983961104,-0.312049428997777,0.103,0.258,1
"MBNL3",0.00690010491085325,0.273337331406158,0.155,0.059,1
"GZMK",0.00694644657068612,-0.619044840602752,0.172,0.321,1
"RAD51B",0.00701824480616683,0.442928634983674,0.655,0.52,1
"TDRD3",0.00709605336402683,0.295887660095667,0.362,0.209,1
"NIN",0.00720993497914772,0.275789412809708,0.517,0.352,1
"IL7R",0.00721641657160301,0.54473978797878,0.586,0.526,1
"ROCK1",0.00734809942739146,0.284775310095666,0.707,0.564,1
"ADD3",0.00735950934885295,0.309440413424603,0.672,0.5,1
"TMEM117",0.00766765831907464,0.278681552182992,0.31,0.163,1
"SARAF",0.00807671102808937,-0.312918923996204,0.69,0.806,1
"NUMB",0.00817866579592089,0.319795854589578,0.345,0.199,1
"RBMS1",0.00818770949936001,0.257496222292364,0.466,0.298,1
"NUTM2B-AS1",0.00827603517954891,0.279079372409114,0.362,0.217,1
"DTHD1",0.00849393790104805,0.334704919392685,0.362,0.212,1
"ZC3H6",0.00856260139009225,0.254228508458453,0.328,0.184,1
"TC2N",0.00859401655248639,0.3271785200099,0.828,0.681,1
"RPL4",0.00860803610479881,-0.3260115820203,0.19,0.357,1
"STXBP5",0.00883430122617228,0.338876334101738,0.586,0.408,1
"NT5DC1",0.00890833618567206,0.273645962285693,0.31,0.168,1
"TRA2B",0.00925448528196846,-0.370491701500438,0.31,0.464,1
"TNRC6C",0.00929190971103029,0.329618517408217,0.517,0.355,1
"PTPN12",0.00961582221816138,0.268627887519069,0.155,0.061,1
"MED13L",0.00972212382354638,0.2906437441184,0.81,0.735,1
"DCAF6",0.00981553110318733,0.326584457318584,0.362,0.222,1
"UBASH3B",0.0107652686636749,0.290029229886299,0.448,0.288,1
"EEF1D",0.0109405467577196,-0.268027250097935,0.121,0.27,1
"MYL12A",0.0114584847157695,-0.348552601326412,0.19,0.339,1
"S100A6",0.0114647074239138,-0.386229104854407,0.121,0.265,1
"ST8SIA1",0.0115689630772336,0.643960918825686,0.31,0.189,1
"AL136456.1",0.0120408733816509,0.447682045397006,0.155,0.064,1
"PTPN4",0.0125014392438111,0.293708434865674,0.672,0.523,1
"FTX",0.01254019732085,0.391607236996953,0.828,0.75,1
"ABHD18",0.0126878435101687,0.251305113251687,0.31,0.171,1
"SRP14",0.0127914531167418,-0.251970845962749,0.069,0.202,1
"NDFIP1",0.0128893690138052,-0.329801114738515,0.362,0.541,1
"SLC4A7",0.0131957934947972,0.318807459035454,0.638,0.462,1
"S100A4",0.0137655608611767,-0.323441499696347,0.138,0.291,1
"TNFAIP8",0.0138063357467768,0.401886131627539,0.724,0.666,1
"ARID4B",0.014124669558891,-0.303848756266316,0.741,0.804,1
"FBXL17",0.0142623068684268,0.284558118519661,0.741,0.615,1
"CD55",0.0148856817142263,-0.355232171125351,0.31,0.449,1
"PPP3CA",0.014961639837279,0.452261724166496,0.5,0.38,1
"FAM120A",0.0152016710306732,0.256158535556852,0.328,0.189,1
"PTPN2",0.015486268228454,0.277156907347949,0.397,0.263,1
"RHBDD1",0.0156898358256989,0.260093130521671,0.31,0.179,1
"FAM49B",0.016299227148849,0.351811389429242,0.707,0.582,1
"BACH1",0.0164606002952825,0.359681274296479,0.431,0.309,1
"SERF2",0.0165360085083215,-0.298715477894623,0.155,0.291,1
"KDM4C",0.0168177346781085,0.294727870738206,0.741,0.612,1
"SPIDR",0.0170575465961217,0.318155835248003,0.586,0.444,1
"HERC2",0.0171034239299622,0.279915152122102,0.345,0.212,1
"MACF1",0.0172856283616374,0.334241045223585,0.707,0.63,1
"PHKB",0.0175114731943018,0.284976958714471,0.448,0.298,1
"SIRPG",0.0176299039921399,0.32134270431699,0.276,0.156,1
"LYN",0.0178272192197172,-0.389737179630687,0.069,0.189,1
"PTMA",0.0178320068597678,-0.323399482104031,0.603,0.742,1
"PELI1",0.0178959335931035,-0.344290315738609,0.241,0.385,1
"PCNX2",0.0183021511634626,0.344066156896696,0.466,0.324,1
"MGMT",0.0183248071954734,0.32809374630807,0.362,0.23,1
"PPP1R12A",0.018334207887261,0.304811284007645,0.672,0.543,1
"LAPTM5",0.018393149931402,-0.251833164515788,0.086,0.214,1
"EXOC6B",0.0194595204767543,0.31167636972351,0.448,0.298,1
"SP4",0.0202256512694435,0.284860127112116,0.259,0.148,1
"AL589693.1",0.0204428761291492,-0.27784429955979,0.052,0.173,1
"SMYD3",0.0204922277399851,0.448159136955293,0.776,0.699,1
"SYTL3",0.0210124001723082,0.336953430702129,0.431,0.296,1
"CD69",0.021056173052563,-0.350362799011636,0.224,0.355,1
"AC079142.1",0.0239044919558627,0.266564102810731,0.138,0.059,1
"MIR181A1HG",0.024313981233133,0.301826888830853,0.259,0.153,1
"TRAC",0.0253241914510023,-0.392226378607553,0.276,0.395,1
"SGO1-AS1",0.0265117846689851,0.374451098185442,0.31,0.186,1
"PDCD6IP",0.0267140878122059,0.301359255673574,0.362,0.24,1
"GMFG",0.0272180512824514,-0.275033713397152,0.19,0.327,1
"PTEN",0.0273257816920694,0.300499662388683,0.534,0.403,1
"PPHLN1",0.0283824420947188,0.25342812283965,0.5,0.349,1
"VTI1A",0.0286522333105539,0.258823082535703,0.69,0.561,1
"MRTFB",0.0286954726311824,0.31437074370928,0.224,0.13,1
"DISC1",0.0287318263782761,0.267793236040256,0.276,0.166,1
"GPR174",0.0292669401848791,0.262206565881977,0.397,0.268,1
"BRD4",0.0296640247976414,-0.25864637689928,0.172,0.304,1
"ATXN7L1",0.0305613584051747,0.337776299705409,0.448,0.316,1
"FNBP4",0.0311243028208633,-0.292986910639012,0.293,0.431,1
"PCED1B-AS1",0.0313440442506528,-0.272222524708493,0.207,0.339,1
"WDR70",0.0313628371876117,0.280859205488362,0.517,0.393,1
"ATM",0.0313660795448435,0.268859482257391,0.897,0.885,1
"THADA",0.0314046257621315,0.271302021817394,0.448,0.296,1
"BBX",0.0317016080999805,0.324845678270869,0.655,0.579,1
"DIAPH2",0.0320474049294075,0.476620929794901,0.5,0.413,1
"SNX9",0.0324825431933747,-0.368802033096223,0.241,0.365,1
"STAT4",0.0327847696484994,0.359512626796036,0.672,0.615,1
"FHIT",0.0332983941114488,-0.301675707991103,0.379,0.528,1
"MT-ND3",0.0335697076897297,-0.269400048175664,1,1,1
"PHACTR2",0.0336738364423986,0.333105357030923,0.621,0.477,1
"PDE7A",0.0345562256500129,0.309748457206038,0.81,0.755,1
"TNFAIP3",0.0348587563315084,-0.269831977283499,0.19,0.321,1
"MAN1A2",0.0352493190605193,0.311169404931896,0.431,0.311,1
"CLK1",0.0352993048681799,-0.292514670032213,0.224,0.344,1
"SRSF4",0.0364595738704877,-0.293590104327923,0.293,0.416,1
"CBLB",0.0374638018250148,0.410165869519973,0.931,0.875,1
"FBXL5",0.0390126281933563,0.251493540737214,0.345,0.23,1
"PFDN5",0.0393844986905921,-0.273018494406416,0.138,0.253,1
"TFDP2",0.0397780155691694,-0.333227847751261,0.155,0.265,1
"HERC1",0.0407590475232348,-0.251263941765894,0.621,0.75,1
"KLF12",0.04136934484158,0.265241501180871,0.931,0.908,1
"BANK1",0.0413953672531638,-0.297503462696069,0.034,0.125,1
"MAP4K5",0.0415917287658217,0.270170052327475,0.345,0.224,1
"AC008014.1",0.041853882972642,0.357322001422556,0.207,0.117,1
"LTB",0.0421278478783818,-0.364059373791875,0.241,0.344,1
"MLLT3",0.0428571712684106,0.282208925678317,0.569,0.459,1
"ZNF326",0.042901415505395,-0.256868754413086,0.138,0.25,1
"FRYL",0.0432407026177981,0.252424011611705,0.621,0.556,1
"CAPZB",0.0444377570536178,-0.294496474367537,0.345,0.452,1
"FOXO1",0.0446437318241316,-0.303766944662434,0.483,0.597,1
"NUBPL",0.0447109468009162,0.30153422323681,0.293,0.186,1
"MAP2K6",0.0450855569634369,0.268274329119826,0.241,0.143,1
"LENG8",0.0453125866004064,-0.285581955870328,0.086,0.186,1
"HPCAL1",0.0456371439223027,-0.253997557605422,0.155,0.265,1
"TMEM131L",0.0475956096064714,-0.254952956059999,0.586,0.684,1
"STAM",0.0481467897939653,0.291209900471424,0.259,0.161,1
"KLHDC10",0.0486554740636918,0.253154675107135,0.19,0.105,1
"CCDC191",0.0492578461514438,0.260052880684435,0.103,0.043,1
"BAZ1A",0.0524520145350179,-0.287665270370817,0.293,0.39,1
"FAM107B",0.052634740069637,0.262333558095508,0.569,0.469,1
"FAM172A",0.0534745565784238,0.267449696321788,0.81,0.747,1
"THEMIS",0.0548811596996617,0.778398852626099,0.483,0.503,1
"SLCO3A1",0.0553202462333307,0.359044916459061,0.397,0.309,1
"SLC38A1",0.0554245298425064,0.311624011849441,0.793,0.745,1
"KAT2B",0.0558443946155274,0.251493540737214,0.328,0.212,1
"TTC17",0.0563000620960654,0.290500067996575,0.672,0.615,1
"ANKRD11",0.0592967518762558,-0.294699389819366,0.69,0.765,1
"PNISR",0.0594455081296766,-0.340464268074017,0.638,0.671,1
"CALM1",0.0595093750883419,-0.282190140304666,0.448,0.546,1
"ARPC2",0.0595568621752964,-0.283237558330009,0.362,0.464,1
"GLIS3",0.0605403535504065,0.251936696950463,0.103,0.046,1
"CD96",0.0608904851228636,0.350222983329909,0.741,0.727,1
"CUL3",0.0617253169483153,-0.2971380229911,0.603,0.699,1
"RHOH",0.062776538938647,-0.251699773082945,0.5,0.645,1
"ANXA1",0.0628030796391772,-0.273471388788063,0.103,0.199,1
"ARHGDIB",0.0669117938826154,-0.329909830548837,0.552,0.592,1
"MYL6",0.0674593845744282,-0.315111152772487,0.207,0.304,1
"WIPF1",0.0679871178700139,0.256226701355296,0.793,0.694,1
"ARHGEF3",0.0688552765294964,0.256203450643511,0.552,0.439,1
"ATXN1",0.0691162022028144,0.361108803536033,0.69,0.617,1
"RNASEH2B",0.0702972697237279,0.253404817290837,0.431,0.321,1
"MAPRE2",0.0719181403154348,-0.287031536540777,0.172,0.27,1
"AL450352.1",0.0725904698146742,0.314210613286685,0.121,0.061,1
"KTN1",0.0742663540528888,0.257404503226826,0.431,0.344,1
"SECISBP2",0.0788933347212036,-0.258221492478335,0.345,0.421,1
"GMDS",0.0795429082425279,0.302552955801834,0.483,0.37,1
"SUPT3H",0.0816296106774785,0.266701453938617,0.466,0.352,1
"FNDC3B",0.0822403245162569,0.273406610142317,0.31,0.222,1
"GZMA",0.0866221419771932,-0.410871099508432,0.155,0.245,1
"ZNF331",0.0919391227434714,-0.253255239584986,0.172,0.268,1
"TTN",0.0958479290772905,0.3249231363279,0.5,0.421,1
"LINC01473",0.101452567948169,0.318435997408489,0.31,0.224,1
"BCAS3",0.103947821002348,0.292902785768115,0.569,0.526,1
"GPHN",0.105378772076258,0.282500228422258,0.293,0.202,1
"ANKIB1",0.107525067394384,0.268568781263417,0.414,0.327,1
"AKT3",0.107558452460415,0.282300265359523,0.638,0.615,1
"PSMA1",0.110572879313107,0.269063549621395,0.431,0.334,1
"ATG7",0.113148013871211,0.274336081907028,0.345,0.253,1
"CD52",0.113158925750617,-0.310688912372471,0.328,0.395,1
"HELZ",0.120172651104605,0.259584227057897,0.534,0.464,1
"DDX24",0.120632701301498,-0.252986305845576,0.259,0.334,1
"NEK7",0.124585787231867,0.345533416003187,0.517,0.441,1
"MAML3",0.125809038156586,0.268274329119826,0.19,0.12,1
"ZEB1",0.129379449755154,-0.301340207267894,0.621,0.707,1
"LPP",0.133044338870317,0.270298640503583,0.655,0.594,1
"SFPQ",0.134527699693354,-0.288191897513329,0.379,0.429,1
"RSRC1",0.137441581693428,0.255021851915832,0.414,0.319,1
"ETV6",0.138928580173156,0.336548046432833,0.328,0.26,1
"INPP4B",0.145111507406993,0.342118751590422,0.672,0.661,1
"NR3C2",0.14808120175492,0.256523966446115,0.362,0.281,1
"CD6",0.164069746895333,-0.262240387578954,0.362,0.413,1
"PPP2R5C",0.169547399435758,0.263688837707519,0.862,0.834,1
"PIK3CD",0.172573227964913,-0.258584206506868,0.31,0.375,1
"NOP58",0.192593964131847,-0.266422115262921,0.362,0.408,1
"BCL2",0.20827648093589,0.309055201226511,0.724,0.699,1
"PLCL1",0.239860430975493,0.534336427651188,0.379,0.365,1
"TLE4",0.257451922655924,-0.267655309639323,0.397,0.418,1
"FUT8",0.266372334955255,0.289971233261464,0.414,0.38,1
"ZEB2",0.305823292279783,0.417926935535878,0.31,0.276,1
"COMMD10",0.322036480596945,0.458156150766304,0.397,0.385,1
"SSBP2",0.393015744885962,-0.281406279899135,0.276,0.309,1
"TRBC1",0.441982604777392,-0.344071791799856,0.276,0.286,1
"ACTB",0.453894244012857,-0.378352012495443,0.724,0.763,1
"CEP128",0.538327758810518,0.271302021817394,0.224,0.199,1
"MAML2",0.579627636151428,0.317912964108984,0.724,0.872,1
"GNLY",0.581416517252525,0.308747251093877,0.224,0.204,1
"ACTG1",0.66110256125199,-0.305812617081077,0.31,0.306,1
"NELL2",0.991009450554601,0.324329059655277,0.414,0.457,1
